31918	O	AUDI	A3 2.0 FSi ATTRACTION	2004	134995	4030200	White	CA684641	76000	                           	CA684641.jpg	0	21
31940	O	BMW	120d (E87)	2005	169995	5011605	Silver	MONSTER-WP	65000	AirCon Alloy Wheels Central Locking Electric Windows Leather Seats Power Steering                      	MONSTER-WP.jpg	0	11
42815	O	BMW	318i (E46)F/L	2002	104995	5034051	Grey	ACE01-WP	89841	AirCon Leather Seats Power Steering Radio and CD                        	ACE01-WP.jpg	0	5
21037	D	CADILLAC	BLS 2.0T	2007	189995	7320220	Grey	CY258028	20000	Metallic Paint                           	CY258028.jpg	0	216
42576	D	CADILLAC	BLS 2.0T A/T	2007	179995	7320240	Silver	CY200712	28000	ABS Airbags AirCon Alloy Wheels Balance of Manufacturer Warranty CD - Frontloader Central Locking Electric Windows Full Service History Metallic Paint Power Steering Spotlights                	CY200712.jpg	0	83
42591	O	CADILLAC	BLS 2.0T A/T	2007	179995	7320240	Grey	DTB595EC	25000	ABS Airbags AirCon Alloy Wheels Balance of Manufacturer Warranty CD - Frontloader Central Locking Electric Windows Full Service History Metallic Paint Power Steering                 	DTB595EC.jpg	0	83
42592	O	CADILLAC	BLS 2.8 V6 A/T	2006	194995	7320340	Silver	DRF096EC	5800	ABS Airbags Alloy Wheels Balance of Manufacturer Warranty CD - Frontloader Central Locking Electric Windows Full Service History Interior Features Metallic Paint Power Steering Spotlights                	DRF096EC.jpg	0	83
42593	O	CADILLAC	BLS 2.8 V6 A/T	2007	209995	7320340	Black	DTB440EC	22000	ABS Airbags AirCon Alloy Wheels Balance of Manufacturer Warranty CD - Frontloader Central Locking Full Service History Interior Features Metallic Paint Power Steering Spotlights                	DTB440EC.jpg	0	83
71410	D	CADILLAC	SRX 3.6 V6 A/T	2007	269999	7330300	Silver	REEDS2WP	21000	ABS Airbags AirCon                         	REEDS2WP.jpg	0	68
91537	D	CADILLAC	STS V8 VVT RWD AUTO SEDAN	2008	379000	7330200	Silver	I070058	9500	                           	I070058.jpg	0	111
31270	D	CHEVROLET	AVEO 1.5 5Dr	2007	79995	10030200	Silver	CA339658	21641	                           	CA339658.jpg	0	342
41936	D	CHEVROLET	AVEO 1.5 LS	2007	99995	10030240	Black	CA217528	19000	Airbags AirCon Balance of Manufacturer Warranty CD - Frontloader Electric Windows Full Service History                      	CA217528.jpg	0	265
41938	D	CHEVROLET	AVEO 1.5 LS	2007	99995	10030240	White	CA240800	23482	ABS Airbags AirCon Balance of Manufacturer Warranty CD - Frontloader Electric Windows Full Service History                     	CA240800.jpg	0	265
31185	D	CHEVROLET	AVEO 1.5 LS	2006	79995	10030240	White	CA845477	47000	AirCon Anti Theft - Immobiliser Balance of Manufacturer Warranty Electric Windows Sun Roof                       	CA845477.jpg	0	272
42795	O	CHEVROLET	AVEO 1.5 LS	2006	79995	10030240	Silver	CA605335	41000	AirCon Power Steering Radio and CD                         	CA605335.jpg	0	11
11838	O	CHEVROLET	AVEO 1.5 LS	2006	79995	10030240	Silver	CA244002	53188	ABS Airbags AirCon Anti Theft - Alarm Anti Theft - Immobiliser Balance of Manufacturer Warranty CD - Frontloader Central Locking Electric Windows Entry Level Model - Fuel Efficient Exterior features Full Service History Interior Features Interior Trim Metallic Paint Power Steering Radio and CD           	CA244002.jpg	0	34
11839	O	CHEVROLET	AVEO 1.5 LS	2006	82995	10030240	White	CA243925	56340	ABS Airbags AirCon Anti Theft - Alarm Anti Theft - Immobiliser Balance of Manufacturer Warranty CD - Frontloader Central Locking Electric Windows Entry Level Model - Fuel Efficient Exterior features Full Service History Interior Features Interior Trim Power Steering Radio and CD            	CA243925.jpg	0	34
31901	O	CHEVROLET	AVEO 1.5 LS	2006	79995	10030240	White	CA229445	48748	AirCon Anti Theft - Immobiliser Central Locking Full Service History Power Steering Radio and CD                      	CA229445.jpg	0	35
31900	O	CHEVROLET	AVEO 1.5 LS	2006	79995	10030240	Silver	CA229506	51700	AirCon Anti Theft - Immobiliser Central Locking Full Service History Power Steering Radio and CD                      	CA229506.jpg	0	35
31899	O	CHEVROLET	AVEO 1.5 LS	2006	79995	10030240	Blue	CA229451	36119	AirCon Anti Theft - Immobiliser Central Locking Full Service History Power Steering Radio and CD                      	CA229451.jpg	0	35
31897	O	CHEVROLET	AVEO 1.5 LS	2006	79995	10030240	Silver	CA23060	54331	AirCon Anti Theft - Immobiliser Central Locking Full Service History Power Steering Radio and CD                      	CA23060.jpg	0	35
31898	O	CHEVROLET	AVEO 1.5 LS	2006	79995	10030240	Silver	CA229475	40807	AirCon Anti Theft - Immobiliser Central Locking Full Service History Power Steering Radio and CD                      	CA229475.jpg	0	35
31895	O	CHEVROLET	AVEO 1.5 LS	2006	79995	10030240	Blue	CA243920	49262	AirCon Anti Theft - Immobiliser Central Locking Full Service History Power Steering Radio and CD                      	CA243920.jpg	0	35
31892	O	CHEVROLET	AVEO 1.5 LS	2006	79995	10030240	White	CA31561	42070	AirCon Anti Theft - Immobiliser Central Locking Full Service History Power Steering Radio and CD                      	CA31561.jpg	0	35
42726	O	CHEVROLET	AVEO 1.5 LS	2006	79995	10030240	Red	CA220823	45223	Airbags Full Service History Power Steering Radio and CD                        	CA220823.jpg	0	47
11863	O	CHEVROLET	AVEO 1.5 LS 5Dr	2007	92995	10030280	White	CA160889	9661	ABS Airbags AirCon Anti Theft - Alarm Anti Theft - Immobiliser Balance of Manufacturer Warranty CD - Frontloader Central Locking Electric Windows Entry Level Model - Fuel Efficient Exterior features Full Service History Interior Features Interior Trim Power Steering Radio and CD Sun Roof           	CA160889.jpg	0	19
42811	O	CHEVROLET	AVEO 1.5 LS 5Dr A/T	2008	109994	10030281	Red	CA454036	1200	ABS Airbags AirCon Alloy Wheels Anti Theft - Immobiliser Balance of Manufacturer Warranty Central Locking Electric Windows Power Steering Radio and CD                  	CA454036.jpg	0	7
11858	O	CHEVROLET	AVEO 1.5 LS 5Dr A/T	2008	114995	10030281	Red	I077194.	50	ABS Airbags AirCon Anti Theft - Immobiliser Balance of Manufacturer Warranty CD - Frontloader Central Locking Electric Windows Entry Level Model - Fuel Efficient Full Service History Interior Features Interior Trim Metallic Paint Power Steering Radio and CD             	I077194..jpg	0	13
42323	D	CHEVROLET	AVEO 1.5 LS A/T	2008	114995	10030401	White	CA383549	8000	ABS Airbags AirCon Anti Theft - Immobiliser CD - Frontloader Central Locking Electric Windows Full Service History Power Steering Radio and CD                  	CA383549.jpg	0	151
42322	D	CHEVROLET	AVEO 1.5 LS A/T	2008	114995	10030401	Red	CA410160	8000	ABS Airbags AirCon Anti Theft - Immobiliser Balance of Manufacturer Warranty Central Locking Electric Windows Full Service History Power Steering Radio and CD                  	CA410160.jpg	0	152
42182	D	CHEVROLET	AVEO 1.5 LT	2008	114995	10030440	Grey	CY212083	20000	Airbags AirCon Alloy Wheels Balance of Manufacturer Warranty CD - Frontloader Electric Windows Full Service History                     	CY212083.jpg	0	201
11887	O	CHEVROLET	AVEO 1.5 LT	2006	84995	10030440	Grey	CA13329	56879	ABS Airbags AirCon Alloy Wheels Anti Theft - Alarm Anti Theft - Immobiliser Balance of Manufacturer Warranty CD - Frontloader Central Locking Electric Windows Exterior features Full Service History Interior Features Interior Trim Metallic Paint Power Steering Radio and CD Entry Level Model - Fuel Efficient          	CA13329.jpg	0	1
42705	O	CHEVROLET	CAPTIVA 2.0D LTZ 4X4	2007	289995	10070120	Grey	CA363640	8000	7 Seater ABS Airbags AirCon Alloy Wheels Anti Theft - Immobiliser Balance of Manufacturer Warranty CD - Frontloader Central Locking Electric Windows Exterior features Full Service History Maintenance Plan               	CA363640.jpg	0	51
42813	O	CHEVROLET	CAPTIVA 2.4 LT	2008	229995	10070200	Blue	CA278087	7000	7 Seater Airbags CD - Frontloader Maintenance Plan Power Steering ABS AirCon Alloy Wheels Anti Theft - Immobiliser Balance of Manufacturer Warranty Central Locking Electric Windows Full Service History               	CA278087.jpg	0	5
31915	O	CHEVROLET	CAPTIVA 2.4 LT	2007	199999	10070200	Black	CA425696	18435	                           	CA425696.jpg	0	23
31674	D	CHEVROLET	CAPTIVA 3.2 LTZ 4X4 A/T	2007	289995	10070300	White	CA251065	2032	                           	CA251065.jpg	0	160
42680	O	CHEVROLET	CAPTIVA 3.2 LTZ 4X4 A/T	2007	259995	10070300	Blue	CA122898	6500	Airbags AirCon Alloy Wheels Balance of Manufacturer Warranty CD - Frontloader Central Locking Electric Windows Power Steering 7 Seater ABS Anti Theft - Alarm Anti Theft - Immobiliser Cruise Control Full Service History Leather Seats Radio and CD Service Plan Spotlights          	CA122898.jpg	0	1
31870	O	CHEVROLET	CAPTIVA 3.2 LTZ 4X4 A/T	2007	289995	10070300	Silver	CA511565	1334	                           	CA511565.jpg	0	57
31829	O	CHEVROLET	CAPTIVA 3.2 LTZ 4X4 A/T	2008	289995	10070300	Blue	I073292	100	AirCon Alloy Wheels Balance of Manufacturer Warranty Central Locking Electric Windows Full Service History Leather Seats Power Steering Service Plan                   	I073292.jpg	0	76
31608	O	CHEVROLET	CAPTIVA 3.2 LTZ 4X4 A/T	2007	274995	10070300	Blue	DVR680EC	8300	AirCon Alloy Wheels Anti Theft - Immobiliser Central Locking Leather Seats Maintenance Plan Power Steering 7 Seater ABS Airbags Balance of Manufacturer Warranty CD - Frontloader Electric Windows Full Service History Metallic Paint Spotlights            	DVR680EC.jpg	0	128
11809	O	CHEVROLET	LUMINA S	2005	139995	10088201	Silver	DHG139EC	23000	ABS Airbags AirCon Alloy Wheels Anti Theft - Alarm Anti Theft - Immobiliser Balance of Manufacturer Warranty CD - Frontloader Central Locking Cruise Control Electric Windows Full Service History Interior Trim Metallic Paint Power Steering Radio and CD Spotlights Exterior features Interior Features         	DHG139EC.jpg	0	57
31850	O	CHEVROLET	LUMINA SS 6.0 A/T	2008	289995	10088800	Silver	CFM35417	5000	Alloy Wheels Full Service History Leather Seats Maintenance Plan                        	CFM35417.jpg	0	67
11888	O	CHEVROLET	OPTRA 1.6 LS	2005	84995	10032120	White	CY83826	82620	ABS Airbags AirCon Alloy Wheels Anti Theft - Alarm Anti Theft - Immobiliser Balance of Manufacturer Warranty CD - Frontloader Central Locking Electric Windows Exterior features Full Service History Interior Features Interior Trim Power Steering Radio and CD Spotlights Entry Level Model - Fuel Efficient          	CY83826.jpg	0	1
31815	O	CHEVROLET	OPTRA 1.8 LT	2004	89995	10032200	Black	CA610752	71499	Airbags Central Locking Power Steering Radio and CD                        	CA610752.jpg	0	44
11855	O	CHEVROLET	SPARK L 5Dr	2008	59995	10010150	Blue	CA613415	3000	Anti Theft - Immobiliser Balance of Manufacturer Warranty Entry Level Model - Fuel Efficient Exterior features Full Service History Interior Features Interior Trim Metallic Paint                    	CA613415.jpg	0	23
11817	O	CHEVROLET	SPARK L 5Dr	2007	57995	10010150	White	DVM290EC	1850	Anti Theft - Immobiliser Balance of Manufacturer Warranty Entry Level Model - Fuel Efficient Full Service History Interior Features Interior Trim Radio and CD                     	DVM290EC.jpg	0	51
41978	D	CHEVROLET	SPARK LS 5Dr	2007	74995	10010160	Red	CY251797	11141	Airbags AirCon Anti Theft - Immobiliser Balance of Manufacturer Warranty CD - Frontloader Central Locking Electric Windows Full Service History Power Steering Radio and CD                  	CY251797.jpg	0	258
42818	O	CHEVROLET	SPARK LS 5Dr	2008	66995	10010160	Blue	CF136830	3500	AirCon Radio and CD                          	CF136830.jpg	0	2
11881	O	CHEVROLET	SPARK LS 5Dr	2007	69995	10010160	White	CA121877	27500	ABS Airbags AirCon Alloy Wheels Anti Theft - Alarm Anti Theft - Immobiliser Balance of Manufacturer Warranty CD - Frontloader Central Locking Electric Windows Exterior features Full Service History Interior Features Interior Trim Radio and CD             	CA121877.jpg	0	9
31843	O	CHEVROLET	SPARK LS 5Dr	2004	51995	10010160	White	CA686843	44102	AirCon Alloy Wheels Central Locking Full Service History                        	CA686843.jpg	0	71
31272	D	CHEVROLET	SPARK LT 5Dr	2007	77995	10010170	White	CA464800	12054	                           	CA464800.jpg	0	342
31929	O	FIAT	PALIO II 1.2 EL 3Dr	2005	57995	20062206	Grey	CA246098	51519	                           	CA246098.jpg	0	13
31910	O	FORD	KA TREND	2006	79995	22006201	Silver	CA503824	40844	AirCon Anti Theft - Immobiliser Entry Level Model - Fuel Efficient Full Service History Power Steering Radio and CD                      	CA503824.jpg	0	27
42772	O	HONDA	ACCORD EXECUTIVE A/T	2005	144995	25064301	Silver	RYV655GP	83000	AirCon Leather Seats Power Steering Radio and CD Towbar                       	RYV655GP.jpg	0	26
11851	O	HUMMER	H3 A/T	2008	334995	26630120	Blue	401876	1500	ABS Airbags AirCon Alloy Wheels Anti Theft - Alarm Anti Theft - Immobiliser Balance of Manufacturer Warranty Bullbar CD - Frontloader Central Locking Cruise Control Diff Lock Electric Windows Exterior features Interior Features Interior Trim Leather Seats Loadmat Maintenance Plan Metallic Paint Power Steering Radio and CD Running Boards Spotlights Towbar Workhorse Full Service History 	401876.jpg	0	27
42809	O	HUMMER	H3 ADVENTURE A/T	2008	364995	26630220	Blue	CY286825	21000	ABS Airbags AirCon Alloy Wheels Anti Theft - Alarm Anti Theft - Immobiliser Balance of Manufacturer Warranty CD - Frontloader Central Locking Diff Lock Electric Windows Full Service History Leather Seats Metallic Paint Power Steering Radio and CD Service Plan Third Seat Running Boards         	CY286825.jpg	0	8
42703	O	HUMMER	H3 ADVENTURE A/T	2007	349995	26630220	Yellow	CFM13272	26750	AirCon Alloy Wheels Balance of Manufacturer Warranty CD - Frontloader Central Locking Electric Windows Full Service History Power Steering                    	CFM13272.jpg	0	51
21056	D	HUMMER	H3 LUXURY A/T	2008	409000	26630300	Orange	REEDSH3WP	11000	Exterior features Interior Features                          	REEDSH3WP.jpg	0	118
71458	O	ISUZU	FTR 800 TURBO	2005	360000	28047700	White	CA785385	53000	Body                           	CA785385.jpg	0	12
42640	O	ISUZU	KB 240i LE 4X4	2007	179995	28015190	White	WHM077GP	4000	AirCon Alloy Wheels Balance of Manufacturer Warranty CD - Frontloader Central Locking Power Steering                      	WHM077GP.jpg	0	69
31952	O	ISUZU	KB 240i LE D/C	2006	149995	28015210	White	CA807544	45846	AirCon Alloy Wheels Balance of Manufacturer Warranty Canopy Central Locking Full Service History Power Steering Radio and CD                    	CA807544.jpg	0	1
11787	O	ISUZU	KB 240i LE D/C 4X4	2007	189995	28015230	White	WHM048GP	12000	AirCon Alloy Wheels Anti Theft - Alarm Anti Theft - Immobiliser Balance of Manufacturer Warranty CD - Frontloader Central Locking Diff Lock Electric Windows Full Service History Interior Trim Maintenance Plan Power Steering Radio and CD Roll Bar Sliding Rear Window Towbar Polyurathane Lining          	WHM048GP.jpg	0	69
71456	D	ISUZU	KB 250D FLEETSIDE  A/C	2008	159000	28015258	White	CA642930	25	Alloy Wheels Polyurathane Lining                          	CA642930.jpg	0	13
71457	D	ISUZU	KB 250D FLEETSIDE  A/C	2008	159000	28015258	White	CA642527	25	Polyurathane Lining                           	CA642527.jpg	0	13
31227	D	ISUZU	KB 250Dc	2007	94995	28015250	White	CA289662	106404	Polyurathane Lining                           	CA289662.jpg	0	372
31228	D	ISUZU	KB 250Dc	2007	94995	28015250	White	CA290099	102608	Polyurathane Lining                           	CA290099.jpg	1	372
31155	D	ISUZU	KB 250Dc	2007	94995	28015250	White	CA289652	91554	Polyurathane Lining                           	CA289652.jpg	1	377
91030	D	ISUZU	KB 250Dc	2006	109995	28015250	White	CA281735	67199	Anti Theft - Immobiliser Balance of Manufacturer Warranty Canopy CD - Frontloader Full Service History Polyurathane Lining Power Steering Towbar                    	CA281735.jpg	1	463
71459	O	ISUZU	KB 250Dc	2008	132995	28015250	White	CA620016	20014	Canopy                           	CA620016.jpg	0	8
71317	O	ISUZU	KB 250Dc	2008	132000	28015250	White	CA496201	5000	Canopy Polyurathane Lining Towbar                         	CA496201.jpg	0	14
91578	D	ISUZU	KB 250Dc LE D/C	2007	210900	28015320	White	CA555520	6500	                           	CA555520.jpg	0	84
31725	O	ISUZU	KB 250D-TEQ LE D/CAB	2008	204995	28015330	White	CA599593	6000	                           	CA599593.jpg	0	49
71315	O	ISUZU	KB 250D-TEQ LE E/CAB	2008	179995	28015310	Blue	CA601077	6000	Alloy Wheels Metallic Paint                          	CA601077.jpg	0	29
11731	O	ISUZU	KB 300 D-TEQ LX D/C	2008	244994	28015462	White	438137	100	ABS Airbags AirCon Alloy Wheels Anti Theft - Alarm Anti Theft - Immobiliser Balance of Manufacturer Warranty Cab Slider CD - Frontloader Central Locking Cruise Control Diff Lock Electric Windows Exterior features Full Service History Interior Features Interior Trim Power Steering Radio and CD Roll Bar Running Boards Sliding Rear Window Spotlights Towbar    	438137.jpg	0	92
71227	D	ISUZU	KB 300 TDi LX D/C	2007	199995	28015460	White	CA548661	22000	Polyurathane Lining                           	CA548661.jpg	0	102
71177	D	ISUZU	KB 300 TDi LX D/C	2007	199995	28015460	Silver	CA518872	28500	Metallic Paint                           	CA518872.jpg	0	103
71214	O	ISUZU	KB 300 TDi LX D/C	2007	199995	28015460	White	CA215743	26000	Polyurathane Lining                           	CA215743.jpg	0	29
71215	O	ISUZU	KB 300 TDi LX D/C	2007	199995	28015460	White	CA207271	16040	Polyurathane Lining                           	CA207271.jpg	0	29
11846	O	ISUZU	KB 300 TDi LX D/C	2007	209995	28015460	Silver	GREENS1WP	32400	ABS Airbags AirCon Alloy Wheels Anti Theft - Alarm Anti Theft - Immobiliser Balance of Manufacturer Warranty Bullbar Cab Slider Canopy CD - Frontloader Central Locking Diff Lock Electric Windows Exterior features Full Service History Interior Features Interior Trim Maintenance Plan Metallic Paint Polyurathane Lining Power Steering Radio and CD Roll Bar Running Boards Sliding Rear Window Spotlights Towbar	GREENS1WP.jpg	0	29
11818	O	ISUZU	KB 300 TDi LX D/C	2007	204995	28015460	Silver	CY205726	29500	ABS Airbags AirCon Alloy Wheels Anti Theft - Alarm Anti Theft - Immobiliser Balance of Manufacturer Warranty Bullbar Cab Slider CD - Frontloader Central Locking Diff Lock Electric Windows Exterior features Full Service History Interior Features Interior Trim Maintenance Plan Metallic Paint Polyurathane Lining Power Steering Radio and CD Roll Bar Running Boards Sliding Rear Window Spotlights Towbar Workhorse	CY205726.jpg	0	50
42689	O	ISUZU	KB 300 TDi LX D/C 4X4	2006	199995	28015490	Silver	VGY482GP	26000	AirCon Alloy Wheels Balance of Manufacturer Warranty CD - Frontloader Central Locking Electric Windows Full Service History Power Steering                    	VGY482GP.jpg	0	58
42690	O	ISUZU	KB 300 TDi LX D/C 4X4	2006	204995	28015490	Silver	VGY490GP	39000	AirCon Alloy Wheels Balance of Manufacturer Warranty CD - Frontloader Central Locking Electric Windows Full Service History Power Steering                    	VGY490GP.jpg	0	58
71425	O	ISUZU	KB 300 TDi LX D/C 4X4	2006	205000	28015490	Silver	VGY498GP	26000	AirCon Power Steering                          	VGY498GP.jpg	0	58
31848	O	ISUZU	KB 320 LX D/CAB 4x2	2003	132995	28013140	White	WHV689GP	105000	AirCon Anti Theft - Immobiliser Canopy Central Locking Full Service History Power Steering                      	WHV689GP.jpg	0	68
71364	O	ISUZU	NPR 300	2004	165000	28025700	White	CA624596	232118	Body                           	CA624596.jpg	0	111
71330	O	ISUZU	NPR 400	2008	222300	28025821	White	S429485	100	                           	S429485.jpg	0	145
71448	O	ISUZU	NQR 500	2006	230000	28025841	White	CY17208	81364	Body                           	CY17208.jpg	0	30
71452	O	ISUZU	NQR 500 TURBO	2006	210000	28025840	White	CA180788	60000	Body                           	CA180788.jpg	0	16
71453	O	ISUZU	NQR 500 TURBO	2006	210000	28025840	White	CA191878	55355	Body                           	CA191878.jpg	0	16
42469	O	MERCEDES-BENZ	C320 CDI AVANTGARDE A/T	2005	229995	44046866	Grey	CEY50424	57000	ABS Airbags AirCon Alloy Wheels Balance of Manufacturer Warranty CD - Frontloader Central Locking Cruise Control Electric Windows Full Service History Leather Seats Maintenance Plan Power Steering Spotlights              	CEY50424.jpg	0	58
31881	O	MERCEDES-BENZ	SLK 320 A/T	2002	224994	44067200	Silver	CA7220	59500	AirCon Alloy Wheels Central Locking Electric Windows Leather Seats Maintenance Plan Power Steering Radio and CD                    	CA7220.jpg	0	47
11753	O	NISSAN	TIIDA 1.6 VISIA +	2006	94995	47034340	White	VDF292GP	21816	Airbags AirCon Anti Theft - Immobiliser Balance of Manufacturer Warranty Central Locking Electric Windows Full Service History Interior Trim Power Steering Radio and CD                  	VDF292GP.jpg	0	89
42561	O	NISSAN	TIIDA 1.6 VISIA +	2006	98995	47034340	White	CA324094	28449	AirCon Balance of Manufacturer Warranty CD - Frontloader Central Locking Full Service History Power Steering ABS Airbags Anti Theft - Immobiliser Electric Windows Service Plan                 	CA324094.jpg	0	97
31802	O	NISSAN	TIIDA 1.6 VISIA +	2006	99995	47034340	Blue	DRN939EC	23000	AirCon Balance of Manufacturer Warranty Central Locking Full Service History Power Steering Radio and CD Anti Theft - Immobiliser Service Plan                    	DRN939EC.jpg	0	97
31804	O	NISSAN	TIIDA 1.6 VISIA +	2006	99995	47034340	Red	CA248283	27478	AirCon Anti Theft - Immobiliser Balance of Manufacturer Warranty Central Locking Full Service History Power Steering Radio and CD Service Plan                    	CA248283.jpg	0	97
31803	O	NISSAN	TIIDA 1.6 VISIA + 5Dr	2006	99995	47034150	White	ND74681	30976	AirCon Anti Theft - Immobiliser Balance of Manufacturer Warranty Central Locking Full Service History Power Steering Radio and CD Service Plan                    	ND74681.jpg	0	97
42363	D	OPEL	ASTRA 1.4 ESSENTIA 5Dr	2008	139995	48043050	Grey	CY220964	9470	AirCon Alloy Wheels CD - Frontloader Central Locking Electric Windows Metallic Paint Power Steering                     	CY220964.jpg	0	145
11862	O	OPEL	ASTRA 1.4 ESSENTIA 5Dr	2007	124995	48043050	Silver	CA53158	30900	ABS Airbags AirCon Alloy Wheels Anti Theft - Alarm Anti Theft - Immobiliser Balance of Manufacturer Warranty CD - Frontloader Central Locking Electric Windows Entry Level Model - Fuel Efficient Exterior features Full Service History Interior Features Interior Trim Metallic Paint Power Steering Radio and CD Spotlights Maintenance Plan        	CA53158.jpg	0	19
42823	O	OPEL	ASTRA 1.6 ENJOY 5Dr	2006	132995	48043170	Beige	CA138603	39000	ABS Airbags AirCon Alloy Wheels Anti Theft - Alarm Anti Theft - Immobiliser Balance of Manufacturer Warranty Central Locking Electric Windows Maintenance Plan Metallic Paint Power Steering Radio and CD               	CA138603.jpg	0	1
31869	O	OPEL	ASTRA 1.6 ENJOY 5Dr	2005	114995	48043170	Gold	CY261824	75000	                           	CY261824.jpg	0	56
31950	O	OPEL	ASTRA 1.6 ESSENTIA 5Dr	2006	119995	48043150	Silver	CA141273	22000	AirCon Anti Theft - Immobiliser Balance of Manufacturer Warranty Central Locking Maintenance Plan Power Steering                      	CA141273.jpg	0	5
42478	O	OPEL	ASTRA 1.6 ESSENTIA 5Dr	2005	104995	48043150	Beige	CY193386	79000	AirCon CD - Frontloader Central Locking Full Service History Metallic Paint Power Steering ABS Airbags Balance of Manufacturer Warranty Electric Windows                  	CY193386.jpg	0	30
11831	O	OPEL	ASTRA 1.6 ESSENTIA 5Dr	2005	114995	48043150	Silver	CY166659	62343	ABS Airbags AirCon Alloy Wheels Anti Theft - Alarm Anti Theft - Immobiliser Balance of Manufacturer Warranty CD - Frontloader Central Locking Exterior features Full Service History Interior Features Interior Trim Maintenance Plan Metallic Paint Power Steering Radio and CD Spotlights          	CY166659.jpg	0	42
11884	O	OPEL	ASTRA 1.8 SPORT 5Dr	2004	120994	48043250	Silver	CA694360	99015	ABS Airbags AirCon Alloy Wheels Anti Theft - Alarm Anti Theft - Immobiliser CD - Frontloader Central Locking Cruise Control Electric Windows Full Service History Interior Features Interior Trim Metallic Paint Power Steering Radio and CD Spotlights           	CA694360.jpg	0	2
11885	O	OPEL	ASTRA 1.8 SPORT 5Dr	2007	159995	48043250	Beige	CN2491	26000	ABS Airbags AirCon Alloy Wheels Anti Theft - Alarm Anti Theft - Immobiliser Balance of Manufacturer Warranty CD - Frontloader Central Locking Cruise Control Diff Lock Electric Windows Exterior features Full Service History Interior Features Interior Trim Maintenance Plan Metallic Paint Power Steering Radio and CD Spoiler Spotlights      	CN2491.jpg	0	4
11834	O	OPEL	ASTRA 1.8 SPORT 5Dr	2006	134995	48043250	Silver	CF92591	77000	ABS Airbags AirCon Alloy Wheels Anti Theft - Alarm Anti Theft - Immobiliser Balance of Manufacturer Warranty CD - Frontloader Central Locking Cruise Control Electric Windows Full Service History Interior Features Maintenance Plan Metallic Paint Power Steering Radio and CD Spotlights Sun Roof Towbar Leather Seats       	CF92591.jpg	0	35
42279	O	OPEL	ASTRA 1.8 SPORT 5Dr	2005	124995	48043250	Silver	CA466521	73234	CD - Frontloader Power Steering ABS Airbags AirCon Alloy Wheels Anti Theft - Alarm Anti Theft - Immobiliser Balance of Manufacturer Warranty Central Locking Cruise Control Electric Windows Full Service History Maintenance Plan Radio and CD             	CA466521.jpg	0	55
31947	O	OPEL	ASTRA 1.9 CDTi GTC 3Dr	2007	179995	48043550	White	CA481047	23986	AirCon Alloy Wheels Anti Theft - Immobiliser Central Locking Entry Level Model - Fuel Efficient Maintenance Plan Power Steering Balance of Manufacturer Warranty                    	CA481047.jpg	0	0
11870	O	OPEL	ASTRA 2.0 GSI 5Dr	2006	169995	48043400	Gold	TRP489GP	25000	ABS Airbags AirCon Alloy Wheels Anti Theft - Alarm Anti Theft - Immobiliser Balance of Manufacturer Warranty CD - Frontloader Central Locking Electric Windows Exterior features Full Service History Interior Features Leather Seats Maintenance Plan Metallic Paint Power Steering Radio and CD Spoiler Spotlights        	TRP489GP.jpg	0	14
11845	O	OPEL	ASTRA 2.0 OPC PLUS PACK	2006	219995	48043700	Black	CY212344	33000	ABS Airbags AirCon Alloy Wheels Anti Theft - Alarm Anti Theft - Immobiliser Balance of Manufacturer Warranty CD - Frontloader Central Locking Cruise Control Electric Windows Exterior features Full Service History Interior Features Leather Seats Maintenance Plan Metallic Paint Power Steering Radio and CD Spoiler Spotlights       	CY212344.jpg	0	28
31864	O	OPEL	ASTRA 2.0T GTC SPORT 3Dr	2006	179995	48043610	Silver	CA235296	46000	AirCon Alloy Wheels Anti Theft - Immobiliser Balance of Manufacturer Warranty Central Locking Full Service History Leather Seats Maintenance Plan Power Steering Radio and CD Spotlights                 	CA235296.jpg	0	57
31949	O	OPEL	ASTRA 2.0T SPORT 5Dr	2007	169995	48043405	Red	CY54276	38000	AirCon Alloy Wheels Balance of Manufacturer Warranty Central Locking Leather Seats Maintenance Plan Power Steering Radio and CD                    	CY54276.jpg	0	5
42826	O	OPEL	ASTRA CLASSIC 1.6	2005	84995	48027290	White	CF76812	75000	AirCon Full Service History Power Steering Radio and CD Airbags Anti Theft - Alarm Anti Theft - Immobiliser Balance of Manufacturer Warranty CD - Frontloader Central Locking Electric Windows Maintenance Plan                	CF76812.jpg	0	1
31932	O	OPEL	CORSA 1.4 COMFORT	2003	67995	48010050	Blue	CA503808	37186	Anti Theft - Immobiliser Entry Level Model - Fuel Efficient Full Service History Power Steering Radio and CD                       	CA503808.jpg	0	1
42817	O	OPEL	CORSA 1.4 ENJOY 5Dr	2007	129995	48010620	Black	CA559114	15368	ABS Airbags AirCon Alloy Wheels Anti Theft - Alarm Anti Theft - Immobiliser Balance of Manufacturer Warranty CD - Frontloader Central Locking Cruise Control Electric Windows Full Service History Power Steering Service Plan              	CA559114.jpg	0	2
42181	D	OPEL	CORSA 1.4 ENJOY A/T 5Dr	2007	139995	48010640	Gold	WMJ237GP	12100	AirCon Alloy Wheels CD - Frontloader Central Locking Power Steering ABS Airbags Balance of Manufacturer Warranty Full Service History Metallic Paint Service Plan                 	WMJ237GP.jpg	0	202
11606	O	OPEL	CORSA 1.4 ENJOY A/T 5Dr	2007	132995	48010640	White	WLL507GP	12000	ABS Airbags AirCon Alloy Wheels Anti Theft - Immobiliser Balance of Manufacturer Warranty Central Locking Cruise Control Electric Windows Full Service History Interior Trim Power Steering Radio and CD Anti Theft - Alarm Service Plan             	WLL507GP.jpg	0	51
42023	D	OPEL	CORSA 1.4i SPORT	2007	104995	48010090	White	CY167163	18000	Airbags AirCon Alloy Wheels Balance of Manufacturer Warranty CD - Frontloader Electric Windows Full Service History                     	CY167163.jpg	0	239
31340	D	OPEL	CORSA LITE	2007	67995	48041102	White	CA499051	13111	Alloy Wheels                           	CA499051.jpg	0	104
31733	D	OPEL	CORSA LITE	2008	71995	48041102	Black	CA608877	3142	Alloy Wheels                           	CA608877.jpg	0	133
31734	D	OPEL	CORSA LITE	2008	69995	48041102	Black	CA608857	5824	                           	CA608857.jpg	0	133
11886	O	OPEL	CORSA LITE	2007	64995	48041102	Silver	DVT067EC	21077	Anti Theft - Immobiliser Balance of Manufacturer Warranty Entry Level Model - Fuel Efficient Exterior features Full Service History Interior Features Interior Trim Power Steering                    	DVT067EC.jpg	0	1
11889	O	OPEL	CORSA LITE	2007	64995	48041102	Red	DVF887EC	22124	Balance of Manufacturer Warranty Entry Level Model - Fuel Efficient Exterior features Full Service History Interior Features Interior Trim Power Steering                     	DVF887EC.jpg	0	1
11850	O	OPEL	CORSA LITE	2008	75995	48041102	Black	455341	200	Anti Theft - Immobiliser Balance of Manufacturer Warranty Entry Level Model - Fuel Efficient Full Service History Interior Trim Power Steering                      	455341.jpg	0	27
42742	O	OPEL	CORSA LITE	2007	65995	48041102	White	CA362285	33104	Anti Theft - Immobiliser Balance of Manufacturer Warranty Entry Level Model - Fuel Efficient Full Service History                        	CA362285.jpg	0	42
42728	O	OPEL	CORSA LITE 1.4i	2005	54995	48041101	White	CA746657	33000	Anti Theft - Immobiliser Entry Level Model - Fuel Efficient Full Service History                         	CA746657.jpg	0	42
42683	O	OPEL	CORSA LITE A/C	2006	69995	48041103	White	CA311665	24052	AirCon CD - Frontloader Full Service History Power Steering Radio and CD                       	CA311665.jpg	0	2
42763	O	OPEL	CORSA LITE A/C	2006	69995	48041103	White	CA308967	30466	AirCon Balance of Manufacturer Warranty Power Steering                         	CA308967.jpg	0	33
42764	O	OPEL	CORSA LITE A/C	2006	69995	48041103	White	CA336151	24106	AirCon Balance of Manufacturer Warranty Power Steering                         	CA336151.jpg	0	33
42766	O	OPEL	CORSA LITE A/C	2006	69995	48041103	White	CA311539	15000	AirCon Anti Theft - Immobiliser Balance of Manufacturer Warranty Entry Level Model - Fuel Efficient Power Steering                       	CA311539.jpg	0	33
42767	O	OPEL	CORSA LITE A/C	2006	69995	48041103	White	CA336178	20680	AirCon Anti Theft - Immobiliser Balance of Manufacturer Warranty Full Service History Power Steering                       	CA336178.jpg	0	33
91442	D	OPEL	CORSA UTILITY 1.4i	2007	92995	48021310	Silver	CY230278	5741	Canopy Sliding Rear Window                          	CY230278.jpg	0	196
31519	D	OPEL	CORSA UTILITY 1.7 DTi	2007	94995	48021400	White	CA527487	50132	Sliding Rear Window Canopy Polyurathane Lining                         	CA527487.jpg	0	231
42820	O	OPEL	CORSA UTILITY 1.7 DTi	2006	89995	48021400	White	CY145067	80506	Canopy Full Service History Polyurathane Lining Radio and CD Alloy Wheels                       	CY145067.jpg	0	2
31509	D	OPEL	CORSA UTILITY 1.7 DTi CLUB	2007	102995	48021420	Silver	CA53984	63584	Metallic Paint                           	CA53984.jpg	0	235
42819	O	OPEL	MERIVA 1.4 ESSENTIA	2007	114995	48013050	Silver	CA371991	18900	AirCon Radio and CD ABS Airbags Balance of Manufacturer Warranty CD - Frontloader Central Locking Full Service History Anti Theft - Alarm Anti Theft - Immobiliser Electric Windows Power Steering                	CA371991.jpg	0	2
31948	O	OPEL	MERIVA 1.4 ESSENTIA	2007	117995	48013050	Silver	DVX437EC	16000	AirCon Balance of Manufacturer Warranty Full Service History Power Steering Radio and CD                       	DVX437EC.jpg	0	5
11867	O	OPEL	MERIVA 1.4 ESSENTIA	2007	114995	48013050	Blue	VRF060GP	22000	ABS Airbags AirCon Anti Theft - Alarm Anti Theft - Immobiliser Balance of Manufacturer Warranty CD - Frontloader Central Locking Electric Windows Entry Level Model - Fuel Efficient Exterior features Full Service History Interior Features Interior Trim Metallic Paint Power Steering Radio and CD           	VRF060GP.jpg	0	16
11861	O	OPEL	MERIVA 1.6 COMFORT	2003	92995	48013200	Silver	CL36658	72500	ABS Airbags AirCon Alloy Wheels Anti Theft - Alarm Anti Theft - Immobiliser CD - Frontloader Central Locking Electric Windows Exterior features Full Service History Interior Features Interior Trim Metallic Paint Power Steering Radio and CD Spotlights           	CL36658.jpg	0	20
31268	D	OPEL	MERIVA 1.6 ENJOY	2007	124995	48013090	Purple	CA149157	20754	Metallic Paint                           	CA149157.jpg	0	342
11799	O	OPEL	MERIVA 1.6 ENJOY	2007	129995	48013090	White	CY171865	34500	ABS Airbags AirCon Alloy Wheels Anti Theft - Alarm Anti Theft - Immobiliser Balance of Manufacturer Warranty CD - Frontloader Central Locking Electric Windows Full Service History Interior Trim Power Steering Radio and CD              	CY171865.jpg	0	63
42812	O	OPEL	ZAFIRA 1.6 ESSENTIA	2006	134995	48030300	Blue	ND117683	50742	7 Seater ABS Airbags AirCon Alloy Wheels Anti Theft - Alarm Anti Theft - Immobiliser Balance of Manufacturer Warranty Central Locking Electric Windows Full Service History Maintenance Plan Metallic Paint Power Steering Radio and CD Third Seat            	ND117683.jpg	0	7
11880	O	OPEL	ZAFIRA 1.6 ESSENTIA	2006	134995	48030300	Silver	ND118962	61186	7 Seater ABS Airbags AirCon Alloy Wheels Anti Theft - Alarm Anti Theft - Immobiliser Balance of Manufacturer Warranty CD - Frontloader Central Locking Electric Windows Entry Level Model - Fuel Efficient Exterior features Full Service History Interior Features Interior Trim Maintenance Plan Metallic Paint Power Steering Radio and CD Spotlights       	ND118962.jpg	0	9
11873	O	OPEL	ZAFIRA 1.6 ESSENTIA	2006	134995	48030300	Beige	ND118603	59000	7 Seater ABS Airbags AirCon Alloy Wheels Anti Theft - Alarm Anti Theft - Immobiliser Balance of Manufacturer Warranty CD - Frontloader Central Locking Electric Windows Entry Level Model - Fuel Efficient Exterior features Full Service History Interior Features Interior Trim Maintenance Plan Metallic Paint Power Steering Spotlights Radio and CD       	ND118603.jpg	0	12
11874	O	OPEL	ZAFIRA 1.6 ESSENTIA	2006	134995	48030300	Blue	ND159323	52558	7 Seater ABS Airbags AirCon Alloy Wheels Anti Theft - Alarm Anti Theft - Immobiliser Balance of Manufacturer Warranty CD - Frontloader Central Locking Electric Windows Entry Level Model - Fuel Efficient Exterior features Full Service History Interior Features Interior Trim Metallic Paint Power Steering Radio and CD Spotlights Maintenance Plan       	ND159323.jpg	0	12
31928	O	OPEL	ZAFIRA 1.6 ESSENTIA	2006	134995	48030300	Silver	ND117619	61410	AirCon Anti Theft - Immobiliser Balance of Manufacturer Warranty Central Locking Full Service History Maintenance Plan Power Steering                     	ND117619.jpg	0	14
42760	O	OPEL	ZAFIRA 1.6 ESSENTIA	2006	129995	48030300	Silver	ND159442	60000	7 Seater ABS Airbags AirCon Alloy Wheels Balance of Manufacturer Warranty CD - Frontloader Central Locking Electric Windows Full Service History Maintenance Plan Metallic Paint Power Steering Radio and CD              	ND159442.jpg	0	33
31903	O	OPEL	ZAFIRA 1.6 ESSENTIA	2006	134995	48030300	Blue	ND118284	52950	AirCon Alloy Wheels Balance of Manufacturer Warranty Central Locking Maintenance Plan Power Steering Radio and CD                     	ND118284.jpg	0	34
11840	O	OPEL	ZAFIRA 1.6 ESSENTIA	2006	132995	48030300	Silver	ND159484	61413	7 Seater ABS Airbags AirCon Alloy Wheels Anti Theft - Alarm Anti Theft - Immobiliser Balance of Manufacturer Warranty CD - Frontloader Central Locking Electric Windows Entry Level Model - Fuel Efficient Exterior features Full Service History Interior Features Interior Trim Long Range Fuel Tank Metallic Paint Power Steering Radio and CD Maintenance Plan Spotlights      	ND159484.jpg	0	34
31891	O	OPEL	ZAFIRA 1.6 ESSENTIA	2006	134995	48030300	Silver	ND159529	55616	AirCon Anti Theft - Immobiliser Balance of Manufacturer Warranty Central Locking Full Service History Power Steering Radio and CD                     	ND159529.jpg	0	36
11872	O	OPEL	ZAFIRA 1.8 ENJOY	2007	152995	48030405	Silver	CA364012	61519	7 Seater ABS Airbags AirCon Alloy Wheels Anti Theft - Alarm Anti Theft - Immobiliser Balance of Manufacturer Warranty CD - Frontloader Central Locking Cruise Control Electric Windows Exterior features Full Service History Interior Features Interior Trim Maintenance Plan Metallic Paint Power Steering Radio and CD Spotlights Third Seat      	CA364012.jpg	0	13
42354	D	OPEL	ZAFIRA 1.8 ENJOY PANORAMIC	2008	189995	48030415	Blue	CY228686	17000	7 Seater ABS Airbags AirCon Alloy Wheels Anti Theft - Immobiliser Balance of Manufacturer Warranty CD - Frontloader Central Locking Electric Windows Full Service History Maintenance Plan Power Steering Radio and CD Third Seat             	CY228686.jpg	0	145
91106	D	OPEL	ZAFIRA 1.8 ENJOY PANORAMIC	2007	184995	48030415	Black	CA434917	22340	ABS Airbags AirCon Alloy Wheels Anti Theft - Immobiliser Balance of Manufacturer Warranty CD - Frontloader Central Locking Electric Windows Full Service History Maintenance Plan Panoramic Roof Power Steering Towbar 7 Seater             	CA434917.jpg	1	399
91347	D	OPEL	ZAFIRA 1.9 CDTi ELEGANCE PANORAM	2007	229995	48030460	Silver	I060247	13047	7 Seater ABS Airbags AirCon Alloy Wheels Anti Theft - Alarm Anti Theft - Immobiliser Balance of Manufacturer Warranty CD - Frontloader Central Locking Electric Windows Full Service History Maintenance Plan Metallic Paint Panoramic Roof Power Steering            	I060247.jpg	0	244
42785	O	OPEL	ZAFIRA 2.0T OPC	2008	264995	48030485	Black	CA589775	1968	7 Seater ABS Airbags AirCon Alloy Wheels Anti Theft - Alarm Anti Theft - Immobiliser Balance of Manufacturer Warranty CD - Frontloader Central Locking Cruise Control Electric Windows Full Service History Leather Seats Metallic Paint Power Steering Radio and CD Service Plan          	CA589775.jpg	0	19
42571	O	OPEL	ZAFIRA 2.2 ELEGANCE A/T	2005	119995	48030520	Gold	CFG20226	76000	7 Seater Airbags AirCon Alloy Wheels Balance of Manufacturer Warranty CD - Frontloader Central Locking Electric Windows Full Service History Interior Features Metallic Paint Power Steering Radio and CD Spotlights              	CFG20226.jpg	0	36
42629	O	OPEL	ZAFIRA 2.2 ELEGANCE A/T	2006	139995	48030520	Gold	DMF185EC	31000	Airbags AirCon Alloy Wheels Balance of Manufacturer Warranty CD - Frontloader Central Locking Electric Windows Full Service History Metallic Paint Power Steering                  	DMF185EC.jpg	0	36
31920	O	RENAULT	KANGOO 1.4 MULTIX AUTHENTIQUE	2006	74995	54010300	White	CT1646	66434	AirCon Central Locking Full Service History Power Steering Radio and CD                       	CT1646.jpg	0	15
91622	D	SAAB	9 3 SPORT 2.0 T VECTOR A/T	2008	456000	57715711	Black	I075682	5000	                           	I075682.jpg	0	23
42825	O	TOYOTA	COROLLA 140i	2004	77995	60027020	White	CA586481	64015	AirCon CD - Frontloader Full Service History Power Steering Radio and CD                       	CA586481.jpg	0	2
42786	O	TOYOTA	RunX 140i RT	2005	99995	60023041	Silver	CY36230	85552	Airbags Full Service History Power Steering Radio and CD AirCon Alloy Wheels Anti Theft - Alarm Anti Theft - Immobiliser Balance of Manufacturer Warranty CD - Frontloader Central Locking                 	CY36230.jpg	0	16
42803	O	TOYOTA	RunX 160i RS	2003	89995	60023220	Silver	CY19712	91600	AirCon CD - Frontloader Full Service History                         	CY19712.jpg	0	13
31951	O	VOLKSWAGEN	CITI 1.4i	2007	61995	64033070	Red	CAW62491	22782	Anti Theft - Immobiliser Balance of Manufacturer Warranty Entry Level Model - Fuel Efficient Full Service History Radio and CD                       	CAW62491.jpg	0	4
42775	O	VOLKSWAGEN	POLO 1.6 TRENDLINE	2007	109995	64027551	Red	VZR838GP	50000	Airbags AirCon Alloy Wheels Balance of Manufacturer Warranty Full Service History Power Steering Radio and CD                     	VZR838GP.jpg	0	23
42771	O	VOLKSWAGEN	VELOCITI 1.6i	2006	72995	64033164	White	CA822620	40994	Alloy Wheels Balance of Manufacturer Warranty CD - Frontloader Full Service History Radio and CD                       	CA822620.jpg	0	27
