Make,MakeModel,MMCode,Variant,Regyear
ISUZU,ISUZU KB PRE 89,28007077,KB 21,1985
ISUZU,ISUZU KB PRE 89,28007077,KB 21,1986
ISUZU,ISUZU KB PRE 89,28007077,KB 21,1987
ISUZU,ISUZU KB PRE 89,28007096,KB 21 FLEETSIDE,1987
ISUZU,ISUZU KB PRE 89,28007096,KB 21 FLEETSIDE,1988
ISUZU,ISUZU KB PRE 89,28007096,KB 21 FLEETSIDE,1989
ISUZU,ISUZU KB PRE 89,28007100,KB 21 FLEETSIDE,1987
ISUZU,ISUZU KB PRE 89,28007100,KB 21 FLEETSIDE,1988
ISUZU,ISUZU KB PRE 89,28007100,KB 21 FLEETSIDE,1989
ISUZU,ISUZU KB PRE 89,28007115,KB 21-1.8 LE,1983
ISUZU,ISUZU KB PRE 89,28007115,KB 21-1.8 LE,2007
ISUZU,ISUZU KB PRE 89,28007124,KB 21,1987
ISUZU,ISUZU KB PRE 89,28007134,KBD 22,1986
ISUZU,ISUZU KB PRE 89,28007134,KBD 22,1987
ISUZU,ISUZU KB PRE 89,28007134,KBD 22,1988
ISUZU,ISUZU KB PRE 89,28007153,KB 22 LE,1983
ISUZU,ISUZU KB PRE 89,28007153,KB 22 LE,1984
ISUZU,ISUZU KB PRE 89,28007172,KBD 23 SWB,1988
ISUZU,ISUZU KB PRE 89,28007172,KBD 23 SWB,1989
ISUZU,ISUZU KB PRE 89,28007191,KB 23 LE,1984
ISUZU,ISUZU KB PRE 89,28007191,KB 23 LE,1985
ISUZU,ISUZU KB PRE 89,28007191,KB 23 LE,1986
ISUZU,ISUZU KB PRE 89,28007191,KB 23 LE,1987
ISUZU,ISUZU KB PRE 89,28007191,KB 23 LE,1988
ISUZU,ISUZU KB PRE 89,28007200,KB 24,1987
ISUZU,ISUZU KB PRE 89,28007200,KB 24,1988
ISUZU,ISUZU KB PRE 89,28007200,KB 24,1989
ISUZU,ISUZU KB PRE 89,28007210,KB 24 LE,1987
ISUZU,ISUZU KB PRE 89,28007210,KB 24 LE,1988
ISUZU,ISUZU KB PRE 89,28007210,KB 24 LE,1989
ISUZU,ISUZU KB PRE 89,28007220,KB 24,1987
ISUZU,ISUZU KB PRE 89,28007220,KB 24,1988
ISUZU,ISUZU KB PRE 89,28007220,KB 24,1989
ISUZU,ISUZU KB PRE 89,28007268,KB 26,1981
ISUZU,ISUZU KB PRE 89,28007268,KB 26,1982
ISUZU,ISUZU KB PRE 89,28007268,KB 26,1983
ISUZU,ISUZU KB PRE 89,28007268,KB 26,2007
ISUZU,ISUZU KB PRE 89,28007307,KB 26-1.8,1983
ISUZU,ISUZU KB PRE 89,28007307,KB 26-1.8,2007
ISUZU,ISUZU KB PRE 89,28007345,KB 27,1983
ISUZU,ISUZU KB PRE 89,28007345,KB 27,1984
ISUZU,ISUZU KB PRE 89,28007384,KB 28,1984
ISUZU,ISUZU KB PRE 89,28007384,KB 28,1985
ISUZU,ISUZU KB PRE 89,28007384,KB 28,1986
ISUZU,ISUZU KB PRE 89,28007384,KB 28,1987
ISUZU,ISUZU KB PRE 89,28007409,KB 29,1987
ISUZU,ISUZU KB PRE 89,28007409,KB 29,1988
ISUZU,ISUZU KB PRE 89,28007409,KB 29,1989
ISUZU,ISUZU KB PRE 89,28007417,KB 29,1987
ISUZU,ISUZU KB PRE 89,28007417,KB 29,1988
ISUZU,ISUZU KB PRE 89,28007417,KB 29,1989
ISUZU,ISUZU KB PRE 89,28007462,KB 41,1981
ISUZU,ISUZU KB PRE 89,28007462,KB 41,1982
ISUZU,ISUZU KB PRE 89,28007462,KB 41,1983
ISUZU,ISUZU KB PRE 89,28007462,KB 41,2007
ISUZU,ISUZU KB PRE 89,28007499,KB 41-1.8,1983
ISUZU,ISUZU KB PRE 89,28007499,KB 41-1.8,2007
ISUZU,ISUZU KB PRE 89,28007537,KB 42,1983
ISUZU,ISUZU KB PRE 89,28007537,KB 42,1984
ISUZU,ISUZU KB PRE 89,28007556,KB 43,1985
ISUZU,ISUZU KB PRE 89,28007576,KB 43 LE 4X4,1984
ISUZU,ISUZU KB PRE 89,28007576,KB 43 LE 4X4,1985
ISUZU,ISUZU KB PRE 89,28007576,KB 43 LE 4X4,1986
ISUZU,ISUZU KB PRE 89,28007576,KB 43 LE 4X4,1987
ISUZU,ISUZU KB PRE 89,28007595,KB 43 4X4,1986
ISUZU,ISUZU KB PRE 89,28007595,KB 43 4X4,1987
ISUZU,ISUZU KB PRE 89,28007600,KB 43 4X4,1987
ISUZU,ISUZU KB PRE 89,28007603,KB 44,1987
ISUZU,ISUZU KB PRE 89,28007603,KB 44,1988
ISUZU,ISUZU KB PRE 89,28007603,KB 44,1989
ISUZU,ISUZU KB PRE 89,28007606,KB 44 LE,1987
ISUZU,ISUZU KB PRE 89,28007606,KB 44 LE,1988
ISUZU,ISUZU KB PRE 89,28007606,KB 44 LE,1989
ISUZU,ISUZU KB PRE 89,28007609,KB 44,1987
ISUZU,ISUZU KB PRE 89,28007609,KB 44,1988
ISUZU,ISUZU KB PRE 89,28007609,KB 44,1989
ISUZU,ISUZU KB PRE 89,28007653,KBD 21,1981
ISUZU,ISUZU KB PRE 89,28007653,KBD 21,1982
ISUZU,ISUZU KB PRE 89,28007653,KBD 21,1983
ISUZU,ISUZU KB PRE 89,28007653,KBD 21,2007
ISUZU,ISUZU KB PRE 89,28007672,KBD 22,1987
ISUZU,ISUZU KB PRE 89,28007672,KBD 22,1988
ISUZU,ISUZU KB PRE 89,28007691,KBD 22 LE,1983
ISUZU,ISUZU KB PRE 89,28007691,KBD 22 LE,1984
ISUZU,ISUZU KB PRE 89,28007691,KBD 22 LE,1985
ISUZU,ISUZU KB PRE 89,28007691,KBD 22 LE,1986
ISUZU,ISUZU KB PRE 89,28007691,KBD 22 LE,1987
ISUZU,ISUZU KB PRE 89,28007710,KBD 23 LE,1987
ISUZU,ISUZU KB PRE 89,28007710,KBD 23 LE,1988
ISUZU,ISUZU KB PRE 89,28007710,KBD 23 LE,1989
ISUZU,ISUZU KB PRE 89,28007768,KBD 26,1981
ISUZU,ISUZU KB PRE 89,28007768,KBD 26,1982
ISUZU,ISUZU KB PRE 89,28007768,KBD 26,1983
ISUZU,ISUZU KB PRE 89,28007768,KBD 26,2007
ISUZU,ISUZU KB PRE 89,28007807,KBD 27,1983
ISUZU,ISUZU KB PRE 89,28007807,KBD 27,1984
ISUZU,ISUZU KB PRE 89,28007807,KBD 27,1985
ISUZU,ISUZU KB PRE 89,28007807,KBD 27,1986
ISUZU,ISUZU KB PRE 89,28007807,KBD 27,1987
ISUZU,ISUZU KB PRE 89,28007826,KBD 27,1987
ISUZU,ISUZU KB PRE 89,28007832,KBD 28,1987
ISUZU,ISUZU KB PRE 89,28007832,KBD 28,1988
ISUZU,ISUZU KB PRE 89,28007832,KBD 28,1989
ISUZU,ISUZU KB PRE 89,28007838,KBD 28,1987
ISUZU,ISUZU KB PRE 89,28007838,KBD 28,1988
ISUZU,ISUZU KB PRE 89,28007838,KBD 28,1989
ISUZU,ISUZU KB PRE 89,28007845,KBD 40,1980
ISUZU,ISUZU KB PRE 89,28007845,KBD 40,1981
ISUZU,ISUZU KB PRE 89,28007884,KBD 41,1981
ISUZU,ISUZU KB PRE 89,28007884,KBD 41,1982
ISUZU,ISUZU KB PRE 89,28007884,KBD 41,1983
ISUZU,ISUZU KB PRE 89,28007884,KBD 41,2007
ISUZU,ISUZU KB PRE 89,28007922,KBD 42 4X4,1983
ISUZU,ISUZU KB PRE 89,28007922,KBD 42 4X4,1984
ISUZU,ISUZU KB PRE 89,28007922,KBD 42 4X4,1985
ISUZU,ISUZU KB PRE 89,28007922,KBD 42 4X4,1986
ISUZU,ISUZU KB PRE 89,28007922,KBD 42 4X4,1987
ISUZU,ISUZU KB PRE 89,28007922,KBD 42 4X4,1988
ISUZU,ISUZU KB PRE 89,28007922,KBD 42 4X4,1989
ISUZU,ISUZU KB PRE 89,28007958,KBD 42 4X4,1987
ISUZU,ISUZU KB PRE 89,28007958,KBD 42 4X4,1988
ISUZU,ISUZU KB PRE 89,28007958,KBD 42 4X4,1989
ISUZU,ISUZU KB PRE 89,28007990,KBD 42 STD WHEELS,1986
ISUZU,ISUZU KB PRE 89,28007990,KBD 42 STD WHEELS,1987
ISUZU,ISUZU KB 89-97,28011050,KB 160 SWB,1990
ISUZU,ISUZU KB 89-97,28011050,KB 160 SWB,1991
ISUZU,ISUZU KB 89-97,28011050,KB 160 SWB,1992
ISUZU,ISUZU KB 89-97,28011050,KB 160 SWB,1993
ISUZU,ISUZU KB 89-97,28011050,KB 160 SWB,1994
ISUZU,ISUZU KB 89-97,28011050,KB 160 SWB,1995
ISUZU,ISUZU KB 89-97,28011090,KB 160 FLEETSIDE,1989
ISUZU,ISUZU KB 89-97,28011090,KB 160 FLEETSIDE,1990
ISUZU,ISUZU KB 89-97,28011090,KB 160 FLEETSIDE,1991
ISUZU,ISUZU KB 89-97,28011090,KB 160 FLEETSIDE,1992
ISUZU,ISUZU KB 89-97,28011090,KB 160 FLEETSIDE,1993
ISUZU,ISUZU KB 89-97,28011090,KB 160 FLEETSIDE,1994
ISUZU,ISUZU KB 89-97,28011100,KB 200 SWB,1994
ISUZU,ISUZU KB 89-97,28011100,KB 200 SWB,1995
ISUZU,ISUZU KB 89-97,28011100,KB 200 SWB,1996
ISUZU,ISUZU KB 89-97,28011100,KB 200 SWB,1997
ISUZU,ISUZU KB 89-97,28011110,KB 200 LE SWB,1995
ISUZU,ISUZU KB 89-97,28011110,KB 200 LE SWB,1996
ISUZU,ISUZU KB 89-97,28011110,KB 200 LE SWB,1997
ISUZU,ISUZU KB 89-97,28011120,KB 200 FLEETSIDE,1994
ISUZU,ISUZU KB 89-97,28011120,KB 200 FLEETSIDE,1995
ISUZU,ISUZU KB 89-97,28011140,KB 200 LWB,1994
ISUZU,ISUZU KB 89-97,28011140,KB 200 LWB,1995
ISUZU,ISUZU KB 89-97,28011140,KB 200 LWB,1996
ISUZU,ISUZU KB 89-97,28011140,KB 200 LWB,1997
ISUZU,ISUZU KB 89-97,28011148,KB 200 D/C 4x2,1997
ISUZU,ISUZU KB 89-97,28011148,KB 200 D/C 4x2,2007
ISUZU,ISUZU KB 89-97,28011180,KB 230 SWB,1989
ISUZU,ISUZU KB 89-97,28011180,KB 230 SWB,1990
ISUZU,ISUZU KB 89-97,28011180,KB 230 SWB,1991
ISUZU,ISUZU KB 89-97,28011180,KB 230 SWB,1992
ISUZU,ISUZU KB 89-97,28011180,KB 230 SWB,1993
ISUZU,ISUZU KB 89-97,28011180,KB 230 SWB,1994
ISUZU,ISUZU KB 89-97,28011270,KB 230 LE SWB,1989
ISUZU,ISUZU KB 89-97,28011270,KB 230 LE SWB,1990
ISUZU,ISUZU KB 89-97,28011270,KB 230 LE SWB,1991
ISUZU,ISUZU KB 89-97,28011270,KB 230 LE SWB,1992
ISUZU,ISUZU KB 89-97,28011360,KB 230 LWB,1989
ISUZU,ISUZU KB 89-97,28011360,KB 230 LWB,1990
ISUZU,ISUZU KB 89-97,28011360,KB 230 LWB,1991
ISUZU,ISUZU KB 89-97,28011360,KB 230 LWB,1992
ISUZU,ISUZU KB 89-97,28011360,KB 230 LWB,1993
ISUZU,ISUZU KB 89-97,28011360,KB 230 LWB,1994
ISUZU,ISUZU KB 89-97,28011380,KB 230 LE LWB,1991
ISUZU,ISUZU KB 89-97,28011380,KB 230 LE LWB,1992
ISUZU,ISUZU KB 89-97,28011450,KB 230 4X4,1989
ISUZU,ISUZU KB 89-97,28011450,KB 230 4X4,1990
ISUZU,ISUZU KB 89-97,28011450,KB 230 4X4,1991
ISUZU,ISUZU KB 89-97,28011450,KB 230 4X4,1992
ISUZU,ISUZU KB 89-97,28011540,KB 230 LE 4X4,1989
ISUZU,ISUZU KB 89-97,28011540,KB 230 LE 4X4,1990
ISUZU,ISUZU KB 89-97,28011540,KB 230 LE 4X4,1991
ISUZU,ISUZU KB 89-97,28011540,KB 230 LE 4X4,1992
ISUZU,ISUZU KB 89-97,28011630,KB 250D SWB,1989
ISUZU,ISUZU KB 89-97,28011630,KB 250D SWB,1990
ISUZU,ISUZU KB 89-97,28011630,KB 250D SWB,1991
ISUZU,ISUZU KB 89-97,28011630,KB 250D SWB,1992
ISUZU,ISUZU KB 89-97,28011630,KB 250D SWB,1993
ISUZU,ISUZU KB 89-97,28011630,KB 250D SWB,1994
ISUZU,ISUZU KB 89-97,28011630,KB 250D SWB,1995
ISUZU,ISUZU KB 89-97,28011630,KB 250D SWB,1996
ISUZU,ISUZU KB 89-97,28011630,KB 250D SWB,1997
ISUZU,ISUZU KB 89-97,28011720,KB 250D LE SWB,1989
ISUZU,ISUZU KB 89-97,28011720,KB 250D LE SWB,1990
ISUZU,ISUZU KB 89-97,28011720,KB 250D LE SWB,1991
ISUZU,ISUZU KB 89-97,28011720,KB 250D LE SWB,1992
ISUZU,ISUZU KB 89-97,28011720,KB 250D LE SWB,1993
ISUZU,ISUZU KB 89-97,28011810,KB 250D LWB,1989
ISUZU,ISUZU KB 89-97,28011810,KB 250D LWB,1990
ISUZU,ISUZU KB 89-97,28011810,KB 250D LWB,1991
ISUZU,ISUZU KB 89-97,28011810,KB 250D LWB,1992
ISUZU,ISUZU KB 89-97,28011810,KB 250D LWB,1993
ISUZU,ISUZU KB 89-97,28011810,KB 250D LWB,1994
ISUZU,ISUZU KB 89-97,28011810,KB 250D LWB,1995
ISUZU,ISUZU KB 89-97,28011810,KB 250D LWB,1996
ISUZU,ISUZU KB 89-97,28011810,KB 250D LWB,1997
ISUZU,ISUZU KB 89-97,28011815,KB 250D 4x2 D/C,1996
ISUZU,ISUZU KB 89-97,28011815,KB 250D 4x2 D/C,1997
ISUZU,ISUZU KB 89-97,28011840,KB 250D LE LWB,1991
ISUZU,ISUZU KB 89-97,28011840,KB 250D LE LWB,1992
ISUZU,ISUZU KB 89-97,28011840,KB 250D LE LWB,1993
ISUZU,ISUZU KB 89-97,28011840,KB 250D LE LWB,1994
ISUZU,ISUZU KB 89-97,28011840,KB 250D LE LWB,1995
ISUZU,ISUZU KB 89-97,28011840,KB 250D LE LWB,1996
ISUZU,ISUZU KB 89-97,28011840,KB 250D LE LWB,1997
ISUZU,ISUZU KB 89-97,28011900,KB 250D 4X4,1989
ISUZU,ISUZU KB 89-97,28011900,KB 250D 4X4,1990
ISUZU,ISUZU KB 89-97,28011900,KB 250D 4X4,1991
ISUZU,ISUZU KB 89-97,28011900,KB 250D 4X4,1992
ISUZU,ISUZU KB 89-97,28011900,KB 250D 4X4,1993
ISUZU,ISUZU KB 89-97,28011905,KB 250D 4x4 LWB,1996
ISUZU,ISUZU KB 89-97,28011905,KB 250D 4x4 LWB,1997
ISUZU,ISUZU KB 89-97,28011920,KB 260 LE SWB,1992
ISUZU,ISUZU KB 89-97,28011920,KB 260 LE SWB,1993
ISUZU,ISUZU KB 89-97,28011920,KB 260 LE SWB,1994
ISUZU,ISUZU KB 89-97,28011920,KB 260 LE SWB,1995
ISUZU,ISUZU KB 89-97,28011920,KB 260 LE SWB,1996
ISUZU,ISUZU KB 89-97,28011920,KB 260 LE SWB,1997
ISUZU,ISUZU KB 89-97,28011925,KB 260 LWB,1994
ISUZU,ISUZU KB 89-97,28011925,KB 260 LWB,1995
ISUZU,ISUZU KB 89-97,28011925,KB 260 LWB,1996
ISUZU,ISUZU KB 89-97,28011925,KB 260 LWB,1997
ISUZU,ISUZU KB 89-97,28011930,KB 260 LE LWB,1992
ISUZU,ISUZU KB 89-97,28011930,KB 260 LE LWB,1993
ISUZU,ISUZU KB 89-97,28011930,KB 260 LE LWB,1994
ISUZU,ISUZU KB 89-97,28011930,KB 260 LE LWB,1995
ISUZU,ISUZU KB 89-97,28011930,KB 260 LE LWB,1996
ISUZU,ISUZU KB 89-97,28011930,KB 260 LE LWB,1997
ISUZU,ISUZU KB 89-97,28011940,KB 260 4X4 LWB,1992
ISUZU,ISUZU KB 89-97,28011940,KB 260 4X4 LWB,1993
ISUZU,ISUZU KB 89-97,28011940,KB 260 4X4 LWB,1994
ISUZU,ISUZU KB 89-97,28011940,KB 260 4X4 LWB,1995
ISUZU,ISUZU KB 89-97,28011940,KB 260 4X4 LWB,1996
ISUZU,ISUZU KB 89-97,28011940,KB 260 4X4 LWB,1997
ISUZU,ISUZU KB 89-97,28011945,KB 260 D/C 4X4,1993
ISUZU,ISUZU KB 89-97,28011945,KB 260 D/C 4X4,1994
ISUZU,ISUZU KB 89-97,28011950,KB 260 LE 4X2 D/CAB,1992
ISUZU,ISUZU KB 89-97,28011950,KB 260 LE 4X2 D/CAB,1993
ISUZU,ISUZU KB 89-97,28011950,KB 260 LE 4X2 D/CAB,1994
ISUZU,ISUZU KB 89-97,28011950,KB 260 LE 4X2 D/CAB,1995
ISUZU,ISUZU KB 89-97,28011950,KB 260 LE 4X2 D/CAB,1996
ISUZU,ISUZU KB 89-97,28011950,KB 260 LE 4X2 D/CAB,1997
ISUZU,ISUZU KB 89-97,28011952,KB 260 4X4 D/CAB LE A/C,1994
ISUZU,ISUZU KB 89-97,28011952,KB 260 4X4 D/CAB LE A/C,1995
ISUZU,ISUZU KB 89-97,28011952,KB 260 4X4 D/CAB LE A/C,1996
ISUZU,ISUZU KB 89-97,28011952,KB 260 4X4 D/CAB LE A/C,1997
ISUZU,ISUZU KB 89-97,28011955,KB 260 4X4 LE LWB,1992
ISUZU,ISUZU KB 89-97,28011955,KB 260 4X4 LE LWB,1993
ISUZU,ISUZU KB 89-97,28011955,KB 260 4X4 LE LWB,1994
ISUZU,ISUZU KB 89-97,28011955,KB 260 4X4 LE LWB,1995
ISUZU,ISUZU KB 89-97,28011960,KB 280 DT LE SWB,1993
ISUZU,ISUZU KB 89-97,28011960,KB 280 DT LE SWB,1994
ISUZU,ISUZU KB 89-97,28011960,KB 280 DT LE SWB,1995
ISUZU,ISUZU KB 89-97,28011960,KB 280 DT LE SWB,1996
ISUZU,ISUZU KB 89-97,28011960,KB 280 DT LE SWB,1997
ISUZU,ISUZU KB 89-97,28011965,KB 260 4X4 BLAZER,1993
ISUZU,ISUZU KB 89-97,28011965,KB 260 4X4 BLAZER,1994
ISUZU,ISUZU KB 89-97,28011966,KB 260 4x4 D/C FRONTIER,1996
ISUZU,ISUZU KB 89-97,28011966,KB 260 4x4 D/C FRONTIER,1997
ISUZU,ISUZU KB 89-97,28011967,KB 260 4x4 D/C REEF,1996
ISUZU,ISUZU KB 89-97,28011967,KB 260 4x4 D/C REEF,1997
ISUZU,ISUZU KB 89-97,28011968,KB 280 DT LE LWB,1993
ISUZU,ISUZU KB 89-97,28011968,KB 280 DT LE LWB,1994
ISUZU,ISUZU KB 89-97,28011968,KB 280 DT LE LWB,1995
ISUZU,ISUZU KB 89-97,28011968,KB 280 DT LE LWB,1996
ISUZU,ISUZU KB 89-97,28011968,KB 280 DT LE LWB,1997
ISUZU,ISUZU KB 89-97,28011975,KB 280 DT LWB,1994
ISUZU,ISUZU KB 89-97,28011975,KB 280 DT LWB,1995
ISUZU,ISUZU KB 89-97,28011975,KB 280 DT LWB,1996
ISUZU,ISUZU KB 89-97,28011975,KB 280 DT LWB,1997
ISUZU,ISUZU KB 89-97,28011976,KB 280 DT 4X4,1993
ISUZU,ISUZU KB 89-97,28011976,KB 280 DT 4X4,1994
ISUZU,ISUZU KB 89-97,28011976,KB 280 DT 4X4,1995
ISUZU,ISUZU KB 89-97,28011978,KB 280DT 4x4 D/C FRONTIER,1996
ISUZU,ISUZU KB 89-97,28011978,KB 280DT 4x4 D/C FRONTIER,1997
ISUZU,ISUZU KB 89-97,28011979,KB 280DT 4x4 D/C REEF,1996
ISUZU,ISUZU KB 89-97,28011979,KB 280DT 4x4 D/C REEF,1997
ISUZU,ISUZU KB 89-97,28011984,KB 280 DT LE 4X4,1993
ISUZU,ISUZU KB 89-97,28011984,KB 280 DT LE 4X4,1994
ISUZU,ISUZU KB 89-97,28011984,KB 280 DT LE 4X4,1995
ISUZU,ISUZU KB 89-97,28011984,KB 280 DT LE 4X4,1996
ISUZU,ISUZU KB 89-97,28011984,KB 280 DT LE 4X4,1997
ISUZU,ISUZU KB 89-97,28011985,KB 280 DT 4x4 LX,1997
ISUZU,ISUZU KB 89-97,28011989,KB 280 DT D/C LE,1993
ISUZU,ISUZU KB 89-97,28011989,KB 280 DT D/C LE,1994
ISUZU,ISUZU KB 89-97,28011989,KB 280 DT D/C LE,1995
ISUZU,ISUZU KB 89-97,28011989,KB 280 DT D/C LE,1996
ISUZU,ISUZU KB 89-97,28011989,KB 280 DT D/C LE,1997
ISUZU,ISUZU KB 89-97,28011990,KB 280DT 4X4 D/CAB LE A/C,1994
ISUZU,ISUZU KB 89-97,28011990,KB 280DT 4X4 D/CAB LE A/C,1995
ISUZU,ISUZU KB 89-97,28011990,KB 280DT 4X4 D/CAB LE A/C,1996
ISUZU,ISUZU KB 89-97,28011990,KB 280DT 4X4 D/CAB LE A/C,1997
ISUZU,ISUZU KB 97-04,28012050,KB 200 SWB,1997
ISUZU,ISUZU KB 97-04,28012050,KB 200 SWB,1998
ISUZU,ISUZU KB 97-04,28012050,KB 200 SWB,1999
ISUZU,ISUZU KB 97-04,28012050,KB 200 SWB,2000
ISUZU,ISUZU KB 97-04,28012100,KB 200 LWB,1997
ISUZU,ISUZU KB 97-04,28012100,KB 200 LWB,1998
ISUZU,ISUZU KB 97-04,28012100,KB 200 LWB,1999
ISUZU,ISUZU KB 97-04,28012100,KB 200 LWB,2000
ISUZU,ISUZU KB 97-04,28012100,KB 200 LWB,2001
ISUZU,ISUZU KB 97-04,28012100,KB 200 LWB,2002
ISUZU,ISUZU KB 97-04,28012100,KB 200 LWB,2003
ISUZU,ISUZU KB 97-04,28012100,KB 200 LWB,2004
ISUZU,ISUZU KB 97-04,28012110,KB 200 LWB FLEETSIDE,2003
ISUZU,ISUZU KB 97-04,28012110,KB 200 LWB FLEETSIDE,2004
ISUZU,ISUZU KB 97-04,28012150,KB 200 LE SWB,1997
ISUZU,ISUZU KB 97-04,28012150,KB 200 LE SWB,1998
ISUZU,ISUZU KB 97-04,28012200,KB 200 D/C 4x2,1997
ISUZU,ISUZU KB 97-04,28012200,KB 200 D/C 4x2,1998
ISUZU,ISUZU KB 97-04,28012200,KB 200 D/C 4x2,1999
ISUZU,ISUZU KB 97-04,28012200,KB 200 D/C 4x2,2000
ISUZU,ISUZU KB 97-04,28012220,KB 220 LE LWB,1998
ISUZU,ISUZU KB 97-04,28012220,KB 220 LE LWB,1999
ISUZU,ISUZU KB 97-04,28012220,KB 220 LE LWB,2000
ISUZU,ISUZU KB 97-04,28012220,KB 220 LE LWB,2001
ISUZU,ISUZU KB 97-04,28012220,KB 220 LE LWB,2002
ISUZU,ISUZU KB 97-04,28012220,KB 220 LE LWB,2003
ISUZU,ISUZU KB 97-04,28012220,KB 220 LE LWB,2004
ISUZU,ISUZU KB 97-04,28012231,KB 220 LE D/CAB,2000
ISUZU,ISUZU KB 97-04,28012231,KB 220 LE D/CAB,2001
ISUZU,ISUZU KB 97-04,28012231,KB 220 LE D/CAB,2002
ISUZU,ISUZU KB 97-04,28012231,KB 220 LE D/CAB,2003
ISUZU,ISUZU KB 97-04,28012231,KB 220 LE D/CAB,2004
ISUZU,ISUZU KB 97-04,28012240,KB 220 4x4,1998
ISUZU,ISUZU KB 97-04,28012240,KB 220 4x4,1999
ISUZU,ISUZU KB 97-04,28012240,KB 220 4x4,2000
ISUZU,ISUZU KB 97-04,28012240,KB 220 4x4,2001
ISUZU,ISUZU KB 97-04,28012241,KB 220 LE 4X4,2001
ISUZU,ISUZU KB 97-04,28012241,KB 220 LE 4X4,2002
ISUZU,ISUZU KB 97-04,28012241,KB 220 LE 4X4,2003
ISUZU,ISUZU KB 97-04,28012241,KB 220 LE 4X4,2004
ISUZU,ISUZU KB 97-04,28012250,KB 250D SWB,1997
ISUZU,ISUZU KB 97-04,28012250,KB 250D SWB,1998
ISUZU,ISUZU KB 97-04,28012250,KB 250D SWB,1999
ISUZU,ISUZU KB 97-04,28012250,KB 250D SWB,2000
ISUZU,ISUZU KB 97-04,28012300,KB 250D LWB,1997
ISUZU,ISUZU KB 97-04,28012300,KB 250D LWB,1998
ISUZU,ISUZU KB 97-04,28012300,KB 250D LWB,1999
ISUZU,ISUZU KB 97-04,28012300,KB 250D LWB,2000
ISUZU,ISUZU KB 97-04,28012300,KB 250D LWB,2001
ISUZU,ISUZU KB 97-04,28012300,KB 250D LWB,2002
ISUZU,ISUZU KB 97-04,28012300,KB 250D LWB,2003
ISUZU,ISUZU KB 97-04,28012300,KB 250D LWB,2004
ISUZU,ISUZU KB 97-04,28012310,KB 250D LWB FLEETSIDE,2003
ISUZU,ISUZU KB 97-04,28012310,KB 250D LWB FLEETSIDE,2004
ISUZU,ISUZU KB 97-04,28012350,KB 250D LE LWB,1997
ISUZU,ISUZU KB 97-04,28012350,KB 250D LE LWB,1998
ISUZU,ISUZU KB 97-04,28012350,KB 250D LE LWB,1999
ISUZU,ISUZU KB 97-04,28012350,KB 250D LE LWB,2000
ISUZU,ISUZU KB 97-04,28012351,KB 250Dc LE LWB,2000
ISUZU,ISUZU KB 97-04,28012351,KB 250Dc LE LWB,2001
ISUZU,ISUZU KB 97-04,28012351,KB 250Dc LE LWB,2002
ISUZU,ISUZU KB 97-04,28012351,KB 250Dc LE LWB,2003
ISUZU,ISUZU KB 97-04,28012351,KB 250Dc LE LWB,2004
ISUZU,ISUZU KB 97-04,28012400,KB 250D D/CAB,1997
ISUZU,ISUZU KB 97-04,28012400,KB 250D D/CAB,1998
ISUZU,ISUZU KB 97-04,28012400,KB 250D D/CAB,1999
ISUZU,ISUZU KB 97-04,28012400,KB 250D D/CAB,2000
ISUZU,ISUZU KB 97-04,28012410,KB 250Dc LE D/CAB,2000
ISUZU,ISUZU KB 97-04,28012410,KB 250Dc LE D/CAB,2001
ISUZU,ISUZU KB 97-04,28012410,KB 250Dc LE D/CAB,2002
ISUZU,ISUZU KB 97-04,28012410,KB 250Dc LE D/CAB,2003
ISUZU,ISUZU KB 97-04,28012410,KB 250Dc LE D/CAB,2004
ISUZU,ISUZU KB 97-04,28012440,KB 250Dc 4X4,2002
ISUZU,ISUZU KB 97-04,28012440,KB 250Dc 4X4,2003
ISUZU,ISUZU KB 97-04,28012440,KB 250Dc 4X4,2004
ISUZU,ISUZU KB 97-04,28012450,KB 250D 4x4 LWB,1997
ISUZU,ISUZU KB 97-04,28012450,KB 250D 4x4 LWB,1998
ISUZU,ISUZU KB 97-04,28012450,KB 250D 4x4 LWB,1999
ISUZU,ISUZU KB 97-04,28012450,KB 250D 4x4 LWB,2000
ISUZU,ISUZU KB 97-04,28012450,KB 250D 4x4 LWB,2001
ISUZU,ISUZU KB 97-04,28012451,KB 250Dc LE 4X4,2001
ISUZU,ISUZU KB 97-04,28012451,KB 250Dc LE 4X4,2002
ISUZU,ISUZU KB 97-04,28012451,KB 250Dc LE 4X4,2003
ISUZU,ISUZU KB 97-04,28012451,KB 250Dc LE 4X4,2004
ISUZU,ISUZU KB 97-04,28012500,KB 260 LE LWB,1997
ISUZU,ISUZU KB 97-04,28012500,KB 260 LE LWB,1998
ISUZU,ISUZU KB 97-04,28012550,KB 260 4X4 LWB,1997
ISUZU,ISUZU KB 97-04,28012550,KB 260 4X4 LWB,1998
ISUZU,ISUZU KB 97-04,28012600,KB 260 LX 4X2 D/CAB,1997
ISUZU,ISUZU KB 97-04,28012600,KB 260 LX 4X2 D/CAB,1998
ISUZU,ISUZU KB 97-04,28012650,KB 260 4X4 D/CAB LX A/C,1997
ISUZU,ISUZU KB 97-04,28012650,KB 260 4X4 D/CAB LX A/C,1998
ISUZU,ISUZU KB 97-04,28012700,KB 280 DT LE LWB,1997
ISUZU,ISUZU KB 97-04,28012700,KB 280 DT LE LWB,1998
ISUZU,ISUZU KB 97-04,28012700,KB 280 DT LE LWB,1999
ISUZU,ISUZU KB 97-04,28012700,KB 280 DT LE LWB,2000
ISUZU,ISUZU KB 97-04,28012700,KB 280 DT LE LWB,2001
ISUZU,ISUZU KB 97-04,28012700,KB 280 DT LE LWB,2002
ISUZU,ISUZU KB 97-04,28012750,KB 280 DT LWB LX,1997
ISUZU,ISUZU KB 97-04,28012750,KB 280 DT LWB LX,1998
ISUZU,ISUZU KB 97-04,28012750,KB 280 DT LWB LX,1999
ISUZU,ISUZU KB 97-04,28012750,KB 280 DT LWB LX,2000
ISUZU,ISUZU KB 97-04,28012750,KB 280 DT LWB LX,2001
ISUZU,ISUZU KB 97-04,28012750,KB 280 DT LWB LX,2002
ISUZU,ISUZU KB 97-04,28012760,KB 280 DT D/C LX 4x2,1998
ISUZU,ISUZU KB 97-04,28012760,KB 280 DT D/C LX 4x2,1999
ISUZU,ISUZU KB 97-04,28012760,KB 280 DT D/C LX 4x2,2000
ISUZU,ISUZU KB 97-04,28012760,KB 280 DT D/C LX 4x2,2001
ISUZU,ISUZU KB 97-04,28012760,KB 280 DT D/C LX 4x2,2002
ISUZU,ISUZU KB 97-04,28012800,KB 280 DT 4x4 LX,1997
ISUZU,ISUZU KB 97-04,28012800,KB 280 DT 4x4 LX,1998
ISUZU,ISUZU KB 97-04,28012800,KB 280 DT 4x4 LX,1999
ISUZU,ISUZU KB 97-04,28012800,KB 280 DT 4x4 LX,2000
ISUZU,ISUZU KB 97-04,28012800,KB 280 DT 4x4 LX,2001
ISUZU,ISUZU KB 97-04,28012800,KB 280 DT 4x4 LX,2002
ISUZU,ISUZU KB 97-04,28012850,KB 280 DT D/C LE,1997
ISUZU,ISUZU KB 97-04,28012850,KB 280 DT D/C LE,1998
ISUZU,ISUZU KB 97-04,28012900,KB 280DT 4X4 D/CAB LE A/C,1997
ISUZU,ISUZU KB 97-04,28012900,KB 280DT 4X4 D/CAB LE A/C,1998
ISUZU,ISUZU KB 97-04,28012920,KB 280 DT D/C LX 4x4,1998
ISUZU,ISUZU KB 97-04,28012920,KB 280 DT D/C LX 4x4,1999
ISUZU,ISUZU KB 97-04,28012920,KB 280 DT D/C LX 4x4,2000
ISUZU,ISUZU KB 97-04,28012920,KB 280 DT D/C LX 4x4,2001
ISUZU,ISUZU KB 97-04,28012920,KB 280 DT D/C LX 4x4,2002
ISUZU,ISUZU KB 97-04,28012950,KB 300 TDi LWB LX,2002
ISUZU,ISUZU KB 97-04,28012950,KB 300 TDi LWB LX,2003
ISUZU,ISUZU KB 97-04,28012950,KB 300 TDi LWB LX,2004
ISUZU,ISUZU KB 97-04,28012955,KB 300 TDi 4X4 LE,2002
ISUZU,ISUZU KB 97-04,28012955,KB 300 TDi 4X4 LE,2003
ISUZU,ISUZU KB 97-04,28012955,KB 300 TDi 4X4 LE,2004
ISUZU,ISUZU KB 97-04,28012960,KB 300 TDi D/CAB LX,2002
ISUZU,ISUZU KB 97-04,28012960,KB 300 TDi D/CAB LX,2003
ISUZU,ISUZU KB 97-04,28012960,KB 300 TDi D/CAB LX,2004
ISUZU,ISUZU KB 97-04,28012965,KB 300 TDi D/CAB A/T,2002
ISUZU,ISUZU KB 97-04,28012965,KB 300 TDi D/CAB A/T,2003
ISUZU,ISUZU KB 97-04,28012965,KB 300 TDi D/CAB A/T,2004
ISUZU,ISUZU KB 97-04,28012970,KB 300 TDi D/CAB 4X4 LX,2002
ISUZU,ISUZU KB 97-04,28012970,KB 300 TDi D/CAB 4X4 LX,2003
ISUZU,ISUZU KB 97-04,28012970,KB 300 TDi D/CAB 4X4 LX,2004
ISUZU,ISUZU KB 320,28013100,KB 320 LX 4x2,1998
ISUZU,ISUZU KB 320,28013100,KB 320 LX 4x2,1999
ISUZU,ISUZU KB 320,28013100,KB 320 LX 4x2,2000
ISUZU,ISUZU KB 320,28013100,KB 320 LX 4x2,2001
ISUZU,ISUZU KB 320,28013140,KB 320 LX D/CAB 4x2,1998
ISUZU,ISUZU KB 320,28013140,KB 320 LX D/CAB 4x2,1999
ISUZU,ISUZU KB 320,28013140,KB 320 LX D/CAB 4x2,2000
ISUZU,ISUZU KB 320,28013140,KB 320 LX D/CAB 4x2,2001
ISUZU,ISUZU KB 320,28013140,KB 320 LX D/CAB 4x2,2002
ISUZU,ISUZU KB 320,28013140,KB 320 LX D/CAB 4x2,2003
ISUZU,ISUZU KB 320,28013140,KB 320 LX D/CAB 4x2,2004
ISUZU,ISUZU KB 320,28013200,KB 320 LX 4x4,1998
ISUZU,ISUZU KB 320,28013200,KB 320 LX 4x4,1999
ISUZU,ISUZU KB 320,28013200,KB 320 LX 4x4,2000
ISUZU,ISUZU KB 320,28013200,KB 320 LX 4x4,2001
ISUZU,ISUZU KB 320,28013200,KB 320 LX 4x4,2002
ISUZU,ISUZU KB 320,28013240,KB 320 LX D/CAB 4x4,1998
ISUZU,ISUZU KB 320,28013240,KB 320 LX D/CAB 4x4,1999
ISUZU,ISUZU KB 320,28013240,KB 320 LX D/CAB 4x4,2000
ISUZU,ISUZU KB 320,28013240,KB 320 LX D/CAB 4x4,2001
ISUZU,ISUZU KB 320,28013240,KB 320 LX D/CAB 4x4,2002
ISUZU,ISUZU WFR/RELAY,28014250,WFR II FVX,1984
ISUZU,ISUZU WFR/RELAY,28014250,WFR II FVX,1985
ISUZU,ISUZU WFR/RELAY,28014250,WFR II FVX,1986
ISUZU,ISUZU WFR/RELAY,28014250,WFR II FVX,1987
ISUZU,ISUZU WFR/RELAY,28014700,RELAY VAN,1987
ISUZU,ISUZU WFR/RELAY,28014700,RELAY VAN,1988
ISUZU,ISUZU WFR/RELAY,28014700,RELAY VAN,1989
ISUZU,ISUZU WFR/RELAY,28014700,RELAY VAN,1990
ISUZU,ISUZU WFR/RELAY,28014700,RELAY VAN,1991
ISUZU,ISUZU WFR/RELAY,28014700,RELAY VAN,1992
ISUZU,ISUZU WFR/RELAY,28014700,RELAY VAN,1993
ISUZU,ISUZU WFR/RELAY,28014700,RELAY VAN,1994
ISUZU,ISUZU WFR/RELAY,28014700,RELAY VAN,1995
ISUZU,ISUZU KB 2004 ON,28015080,KB 200i LWB,2004
ISUZU,ISUZU KB 2004 ON,28015080,KB 200i LWB,2005
ISUZU,ISUZU KB 2004 ON,28015080,KB 200i LWB,2006
ISUZU,ISUZU KB 2004 ON,28015080,KB 200i LWB,2007
ISUZU,ISUZU KB 2004 ON,28015081,KB200i LWB,2007
ISUZU,ISUZU KB 2004 ON,28015081,KB200i LWB,2008
ISUZU,ISUZU KB 2004 ON,28015100,KB 200i FLEETSIDE,2005
ISUZU,ISUZU KB 2004 ON,28015100,KB 200i FLEETSIDE,2006
ISUZU,ISUZU KB 2004 ON,28015100,KB 200i FLEETSIDE,2007
ISUZU,ISUZU KB 2004 ON,28015101,KB200i FLEETSIDE,2007
ISUZU,ISUZU KB 2004 ON,28015101,KB200i FLEETSIDE,2008
ISUZU,ISUZU KB 2004 ON,28015150,KB 240i FLEETSIDE,2004
ISUZU,ISUZU KB 2004 ON,28015150,KB 240i FLEETSIDE,2005
ISUZU,ISUZU KB 2004 ON,28015150,KB 240i FLEETSIDE,2006
ISUZU,ISUZU KB 2004 ON,28015150,KB 240i FLEETSIDE,2007
ISUZU,ISUZU KB 2004 ON,28015155,KB240i FLEETSIDE 4X4,2007
ISUZU,ISUZU KB 2004 ON,28015155,KB240i FLEETSIDE 4X4,2008
ISUZU,ISUZU KB 2004 ON,28015160,KB 240i LE,2004
ISUZU,ISUZU KB 2004 ON,28015160,KB 240i LE,2005
ISUZU,ISUZU KB 2004 ON,28015160,KB 240i LE,2006
ISUZU,ISUZU KB 2004 ON,28015160,KB 240i LE,2007
ISUZU,ISUZU KB 2004 ON,28015161,KB240i LE A/C,2007
ISUZU,ISUZU KB 2004 ON,28015161,KB240i LE A/C,2008
ISUZU,ISUZU KB 2004 ON,28015170,KB 240i LE A/C,2004
ISUZU,ISUZU KB 2004 ON,28015170,KB 240i LE A/C,2005
ISUZU,ISUZU KB 2004 ON,28015170,KB 240i LE A/C,2006
ISUZU,ISUZU KB 2004 ON,28015170,KB 240i LE A/C,2007
ISUZU,ISUZU KB 2004 ON,28015190,KB 240i LE 4X4,2004
ISUZU,ISUZU KB 2004 ON,28015190,KB 240i LE 4X4,2005
ISUZU,ISUZU KB 2004 ON,28015190,KB 240i LE 4X4,2006
ISUZU,ISUZU KB 2004 ON,28015190,KB 240i LE 4X4,2007
ISUZU,ISUZU KB 2004 ON,28015210,KB 240i LE D/C,2004
ISUZU,ISUZU KB 2004 ON,28015210,KB 240i LE D/C,2005
ISUZU,ISUZU KB 2004 ON,28015210,KB 240i LE D/C,2006
ISUZU,ISUZU KB 2004 ON,28015210,KB 240i LE D/C,2007
ISUZU,ISUZU KB 2004 ON,28015211,KB240 LE D/C,2007
ISUZU,ISUZU KB 2004 ON,28015211,KB240 LE D/C,2008
ISUZU,ISUZU KB 2004 ON,28015230,KB 240i LE D/C 4X4,2005
ISUZU,ISUZU KB 2004 ON,28015230,KB 240i LE D/C 4X4,2006
ISUZU,ISUZU KB 2004 ON,28015230,KB 240i LE D/C 4X4,2007
ISUZU,ISUZU KB 2004 ON,28015231,KB240 LE D/C 4X4,2007
ISUZU,ISUZU KB 2004 ON,28015231,KB240 LE D/C 4X4,2008
ISUZU,ISUZU KB 2004 ON,28015250,KB 250Dc,2004
ISUZU,ISUZU KB 2004 ON,28015250,KB 250Dc,2005
ISUZU,ISUZU KB 2004 ON,28015250,KB 250Dc,2006
ISUZU,ISUZU KB 2004 ON,28015250,KB 250Dc,2007
ISUZU,ISUZU KB 2004 ON,28015251,KB250D,2007
ISUZU,ISUZU KB 2004 ON,28015251,KB250D,2008
ISUZU,ISUZU KB 2004 ON,28015255,KB 250Dc FLEETSIDE,2005
ISUZU,ISUZU KB 2004 ON,28015255,KB 250Dc FLEETSIDE,2006
ISUZU,ISUZU KB 2004 ON,28015255,KB 250Dc FLEETSIDE,2007
ISUZU,ISUZU KB 2004 ON,28015256,KB250D FLEETSIDE,2007
ISUZU,ISUZU KB 2004 ON,28015256,KB250D FLEETSIDE,2008
ISUZU,ISUZU KB 2004 ON,28015258,KB250D FLEETSIDE  A/C,2007
ISUZU,ISUZU KB 2004 ON,28015258,KB250D FLEETSIDE  A/C,2008
ISUZU,ISUZU KB 2004 ON,28015260,KB 250Dc LE,2004
ISUZU,ISUZU KB 2004 ON,28015260,KB 250Dc LE,2005
ISUZU,ISUZU KB 2004 ON,28015260,KB 250Dc LE,2006
ISUZU,ISUZU KB 2004 ON,28015260,KB 250Dc LE,2007
ISUZU,ISUZU KB 2004 ON,28015270,KB 250Dc LE A/C,2004
ISUZU,ISUZU KB 2004 ON,28015270,KB 250Dc LE A/C,2005
ISUZU,ISUZU KB 2004 ON,28015270,KB 250Dc LE A/C,2006
ISUZU,ISUZU KB 2004 ON,28015270,KB 250Dc LE A/C,2007
ISUZU,ISUZU KB 2004 ON,28015290,KB 250Dc LE 4X4,2004
ISUZU,ISUZU KB 2004 ON,28015290,KB 250Dc LE 4X4,2005
ISUZU,ISUZU KB 2004 ON,28015290,KB 250Dc LE 4X4,2006
ISUZU,ISUZU KB 2004 ON,28015290,KB 250Dc LE 4X4,2007
ISUZU,ISUZU KB 2004 ON,28015300,KB250D-TEQ FLEETSIDE  4X4,2007
ISUZU,ISUZU KB 2004 ON,28015300,KB250D-TEQ FLEETSIDE  4X4,2008
ISUZU,ISUZU KB 2004 ON,28015310,KB250D-TEQ LE E/CAB,2007
ISUZU,ISUZU KB 2004 ON,28015310,KB250D-TEQ LE E/CAB,2008
ISUZU,ISUZU KB 2004 ON,28015320,KB 250Dc LE D/C,2004
ISUZU,ISUZU KB 2004 ON,28015320,KB 250Dc LE D/C,2005
ISUZU,ISUZU KB 2004 ON,28015320,KB 250Dc LE D/C,2006
ISUZU,ISUZU KB 2004 ON,28015320,KB 250Dc LE D/C,2007
ISUZU,ISUZU KB 2004 ON,28015330,KB250D-TEQ LE D/CAB,2007
ISUZU,ISUZU KB 2004 ON,28015330,KB250D-TEQ LE D/CAB,2008
ISUZU,ISUZU KB 2004 ON,28015335,KB250D-TEQ LE D/CAB  4X4,2007
ISUZU,ISUZU KB 2004 ON,28015335,KB250D-TEQ LE D/CAB  4X4,2008
ISUZU,ISUZU KB 2004 ON,28015400,KB 300 TDi FLEETSIDE,2004
ISUZU,ISUZU KB 2004 ON,28015400,KB 300 TDi FLEETSIDE,2005
ISUZU,ISUZU KB 2004 ON,28015400,KB 300 TDi FLEETSIDE,2006
ISUZU,ISUZU KB 2004 ON,28015400,KB 300 TDi FLEETSIDE,2007
ISUZU,ISUZU KB 2004 ON,28015410,KB 300 TDi FLEETSIDE A/C,2004
ISUZU,ISUZU KB 2004 ON,28015410,KB 300 TDi FLEETSIDE A/C,2005
ISUZU,ISUZU KB 2004 ON,28015410,KB 300 TDi FLEETSIDE A/C,2006
ISUZU,ISUZU KB 2004 ON,28015410,KB 300 TDi FLEETSIDE A/C,2007
ISUZU,ISUZU KB 2004 ON,28015420,KB 300 TDi LX,2004
ISUZU,ISUZU KB 2004 ON,28015420,KB 300 TDi LX,2005
ISUZU,ISUZU KB 2004 ON,28015420,KB 300 TDi LX,2006
ISUZU,ISUZU KB 2004 ON,28015420,KB 300 TDi LX,2007
ISUZU,ISUZU KB 2004 ON,28015422,KB300D-TEQ LE,2007
ISUZU,ISUZU KB 2004 ON,28015422,KB300D-TEQ LE,2008
ISUZU,ISUZU KB 2004 ON,28015430,KB 300 TDi LE 4X4,2004
ISUZU,ISUZU KB 2004 ON,28015430,KB 300 TDi LE 4X4,2005
ISUZU,ISUZU KB 2004 ON,28015430,KB 300 TDi LE 4X4,2006
ISUZU,ISUZU KB 2004 ON,28015430,KB 300 TDi LE 4X4,2007
ISUZU,ISUZU KB 2004 ON,28015440,KB 300 TDi LE 4X4 A/C,2004
ISUZU,ISUZU KB 2004 ON,28015440,KB 300 TDi LE 4X4 A/C,2005
ISUZU,ISUZU KB 2004 ON,28015440,KB 300 TDi LE 4X4 A/C,2006
ISUZU,ISUZU KB 2004 ON,28015440,KB 300 TDi LE 4X4 A/C,2007
ISUZU,ISUZU KB 2004 ON,28015445,KB300D-TEQ LX E/CAB,2007
ISUZU,ISUZU KB 2004 ON,28015445,KB300D-TEQ LX E/CAB,2008
ISUZU,ISUZU KB 2004 ON,28015450,KB300D-TEQ LX E/CAB 4X4,2007
ISUZU,ISUZU KB 2004 ON,28015450,KB300D-TEQ LX E/CAB 4X4,2008
ISUZU,ISUZU KB 2004 ON,28015460,KB 300 TDi LX D/C,2004
ISUZU,ISUZU KB 2004 ON,28015460,KB 300 TDi LX D/C,2005
ISUZU,ISUZU KB 2004 ON,28015460,KB 300 TDi LX D/C,2006
ISUZU,ISUZU KB 2004 ON,28015460,KB 300 TDi LX D/C,2007
ISUZU,ISUZU KB 2004 ON,28015462,KB300D-TEQ LX D/CAB,2007
ISUZU,ISUZU KB 2004 ON,28015462,KB300D-TEQ LX D/CAB,2008
ISUZU,ISUZU KB 2004 ON,28015470,KB 300 TDi LX D/C A/T,2004
ISUZU,ISUZU KB 2004 ON,28015470,KB 300 TDi LX D/C A/T,2005
ISUZU,ISUZU KB 2004 ON,28015470,KB 300 TDi LX D/C A/T,2006
ISUZU,ISUZU KB 2004 ON,28015470,KB 300 TDi LX D/C A/T,2007
ISUZU,ISUZU KB 2004 ON,28015472,KB300D-TEQ A/T LX D/CAB,2007
ISUZU,ISUZU KB 2004 ON,28015472,KB300D-TEQ A/T LX D/CAB,2008
ISUZU,ISUZU KB 2004 ON,28015490,KB 300 TDi LX D/C 4X4,2004
ISUZU,ISUZU KB 2004 ON,28015490,KB 300 TDi LX D/C 4X4,2005
ISUZU,ISUZU KB 2004 ON,28015490,KB 300 TDi LX D/C 4X4,2006
ISUZU,ISUZU KB 2004 ON,28015490,KB 300 TDi LX D/C 4X4,2007
ISUZU,ISUZU KB 2004 ON,28015492,KB300D-TEQ LX D/CAB 4X4,2007
ISUZU,ISUZU KB 2004 ON,28015492,KB300D-TEQ LX D/CAB 4X4,2008
ISUZU,ISUZU KB 2004 ON,28015495,KB300D-TEQ LX A/T D/CAB 4X4,2007
ISUZU,ISUZU KB 2004 ON,28015495,KB300D-TEQ LX A/T D/CAB 4X4,2008
ISUZU,ISUZU KB 2004 ON,28015550,KB 350i V6 LX D/C,2004
ISUZU,ISUZU KB 2004 ON,28015550,KB 350i V6 LX D/C,2005
ISUZU,ISUZU KB 2004 ON,28015550,KB 350i V6 LX D/C,2006
ISUZU,ISUZU KB 2004 ON,28015550,KB 350i V6 LX D/C,2007
ISUZU,ISUZU KB 2004 ON,28015560,KB360 V6 LX E/CAB,2007
ISUZU,ISUZU KB 2004 ON,28015560,KB360 V6 LX E/CAB,2008
ISUZU,ISUZU KB 2004 ON,28015565,KB360 V6 LX D/CAB,2007
ISUZU,ISUZU KB 2004 ON,28015565,KB360 V6 LX D/CAB,2008
ISUZU,ISUZU KB 2004 ON,28015570,KB360 V6 LX 4X4 D/CAB,2007
ISUZU,ISUZU KB 2004 ON,28015570,KB360 V6 LX 4X4 D/CAB,2008
ISUZU,ISUZU KB 2004 ON,28015575,KB360 V6 LX 4X4 A/T D/CAB,2007
ISUZU,ISUZU KB 2004 ON,28015575,KB360 V6 LX 4X4 A/T D/CAB,2008
ISUZU,ISUZU TLG,28021666,TLG 54,1984
ISUZU,ISUZU TLG,28021666,TLG 54,1985
ISUZU,ISUZU TLG,28021666,TLG 54,1986
ISUZU,ISUZU MEDIUM TRUCKS,28025050,N 2800 P(FN),1993
ISUZU,ISUZU MEDIUM TRUCKS,28025050,N 2800 P(FN),1994
ISUZU,ISUZU MEDIUM TRUCKS,28025050,N 2800 P(FN),1995
ISUZU,ISUZU MEDIUM TRUCKS,28025050,N 2800 P(FN),1996
ISUZU,ISUZU MEDIUM TRUCKS,28025050,N 2800 P(FN),1997
ISUZU,ISUZU MEDIUM TRUCKS,28025100,N3000 P (FN),1987
ISUZU,ISUZU MEDIUM TRUCKS,28025100,N3000 P (FN),1988
ISUZU,ISUZU MEDIUM TRUCKS,28025100,N3000 P (FN),1989
ISUZU,ISUZU MEDIUM TRUCKS,28025100,N3000 P (FN),1990
ISUZU,ISUZU MEDIUM TRUCKS,28025200,NKR 99 L,1987
ISUZU,ISUZU MEDIUM TRUCKS,28025200,NKR 99 L,1988
ISUZU,ISUZU MEDIUM TRUCKS,28025500,CARRIER 250 TURBO,1998
ISUZU,ISUZU MEDIUM TRUCKS,28025500,CARRIER 250 TURBO,1999
ISUZU,ISUZU MEDIUM TRUCKS,28025500,CARRIER 250 TURBO,2000
ISUZU,ISUZU MEDIUM TRUCKS,28025500,CARRIER 250 TURBO,2001
ISUZU,ISUZU MEDIUM TRUCKS,28025500,CARRIER 250 TURBO,2002
ISUZU,ISUZU MEDIUM TRUCKS,28025500,CARRIER 250 TURBO,2003
ISUZU,ISUZU MEDIUM TRUCKS,28025500,CARRIER 250 TURBO,2004
ISUZU,ISUZU MEDIUM TRUCKS,28025500,CARRIER 250 TURBO,2005
ISUZU,ISUZU MEDIUM TRUCKS,28025500,CARRIER 250 TURBO,2006
ISUZU,ISUZU MEDIUM TRUCKS,28025500,CARRIER 250 TURBO,2007
ISUZU,ISUZU MEDIUM TRUCKS,28025550,CARRIER 250,2007
ISUZU,ISUZU MEDIUM TRUCKS,28025550,CARRIER 250,2008
ISUZU,ISUZU MEDIUM TRUCKS,28025666,N3500 D (FN),1986
ISUZU,ISUZU MEDIUM TRUCKS,28025666,N3500 D (FN),1987
ISUZU,ISUZU MEDIUM TRUCKS,28025666,N3500 D (FN),1988
ISUZU,ISUZU MEDIUM TRUCKS,28025666,N3500 D (FN),1989
ISUZU,ISUZU MEDIUM TRUCKS,28025666,N3500 D (FN),1990
ISUZU,ISUZU MEDIUM TRUCKS,28025666,N3500 D (FN),1991
ISUZU,ISUZU MEDIUM TRUCKS,28025666,N3500 D (FN),1992
ISUZU,ISUZU MEDIUM TRUCKS,28025666,N3500 D (FN),1993
ISUZU,ISUZU MEDIUM TRUCKS,28025666,N3500 D (FN),1994
ISUZU,ISUZU MEDIUM TRUCKS,28025666,N3500 D (FN),1995
ISUZU,ISUZU MEDIUM TRUCKS,28025666,N3500 D (FN),1996
ISUZU,ISUZU MEDIUM TRUCKS,28025666,N3500 D (FN),1997
ISUZU,ISUZU MEDIUM TRUCKS,28025676,N3500 D (FN),1997
ISUZU,ISUZU MEDIUM TRUCKS,28025676,N3500 D (FN),1998
ISUZU,ISUZU MEDIUM TRUCKS,28025700,NPR 300,1998
ISUZU,ISUZU MEDIUM TRUCKS,28025700,NPR 300,1999
ISUZU,ISUZU MEDIUM TRUCKS,28025700,NPR 300,2000
ISUZU,ISUZU MEDIUM TRUCKS,28025700,NPR 300,2001
ISUZU,ISUZU MEDIUM TRUCKS,28025700,NPR 300,2002
ISUZU,ISUZU MEDIUM TRUCKS,28025700,NPR 300,2003
ISUZU,ISUZU MEDIUM TRUCKS,28025700,NPR 300,2004
ISUZU,ISUZU MEDIUM TRUCKS,28025700,NPR 300,2005
ISUZU,ISUZU MEDIUM TRUCKS,28025701,NPR 300,2006
ISUZU,ISUZU MEDIUM TRUCKS,28025701,NPR 300,2007
ISUZU,ISUZU MEDIUM TRUCKS,28025701,NPR 300,2008
ISUZU,ISUZU MEDIUM TRUCKS,28025750,N 4000 D (FT),1989
ISUZU,ISUZU MEDIUM TRUCKS,28025750,N 4000 D (FT),1990
ISUZU,ISUZU MEDIUM TRUCKS,28025750,N 4000 D (FT),1991
ISUZU,ISUZU MEDIUM TRUCKS,28025750,N 4000 D (FT),1992
ISUZU,ISUZU MEDIUM TRUCKS,28025750,N 4000 D (FT),1993
ISUZU,ISUZU MEDIUM TRUCKS,28025750,N 4000 D (FT),1994
ISUZU,ISUZU MEDIUM TRUCKS,28025750,N 4000 D (FT),1995
ISUZU,ISUZU MEDIUM TRUCKS,28025750,N 4000 D (FT),1996
ISUZU,ISUZU MEDIUM TRUCKS,28025750,N 4000 D (FT),1997
ISUZU,ISUZU MEDIUM TRUCKS,28025800,N 4000 D (FN),1997
ISUZU,ISUZU MEDIUM TRUCKS,28025800,N 4000 D (FN),1998
ISUZU,ISUZU MEDIUM TRUCKS,28025820,NPR 400,1998
ISUZU,ISUZU MEDIUM TRUCKS,28025820,NPR 400,1999
ISUZU,ISUZU MEDIUM TRUCKS,28025820,NPR 400,2000
ISUZU,ISUZU MEDIUM TRUCKS,28025820,NPR 400,2001
ISUZU,ISUZU MEDIUM TRUCKS,28025820,NPR 400,2002
ISUZU,ISUZU MEDIUM TRUCKS,28025820,NPR 400,2003
ISUZU,ISUZU MEDIUM TRUCKS,28025820,NPR 400,2004
ISUZU,ISUZU MEDIUM TRUCKS,28025820,NPR 400,2005
ISUZU,ISUZU MEDIUM TRUCKS,28025821,NPR 400,2006
ISUZU,ISUZU MEDIUM TRUCKS,28025821,NPR 400,2007
ISUZU,ISUZU MEDIUM TRUCKS,28025821,NPR 400,2008
ISUZU,ISUZU MEDIUM TRUCKS,28025825,NPR 400 S,1999
ISUZU,ISUZU MEDIUM TRUCKS,28025825,NPR 400 S,2000
ISUZU,ISUZU MEDIUM TRUCKS,28025825,NPR 400 S,2001
ISUZU,ISUZU MEDIUM TRUCKS,28025825,NPR 400 S,2002
ISUZU,ISUZU MEDIUM TRUCKS,28025825,NPR 400 S,2003
ISUZU,ISUZU MEDIUM TRUCKS,28025825,NPR 400 S,2004
ISUZU,ISUZU MEDIUM TRUCKS,28025825,NPR 400 S,2005
ISUZU,ISUZU MEDIUM TRUCKS,28025826,NPR 400 S,2006
ISUZU,ISUZU MEDIUM TRUCKS,28025826,NPR 400 S,2007
ISUZU,ISUZU MEDIUM TRUCKS,28025826,NPR 400 S,2008
ISUZU,ISUZU MEDIUM TRUCKS,28025840,NQR 500 TURBO,1998
ISUZU,ISUZU MEDIUM TRUCKS,28025840,NQR 500 TURBO,1999
ISUZU,ISUZU MEDIUM TRUCKS,28025840,NQR 500 TURBO,2000
ISUZU,ISUZU MEDIUM TRUCKS,28025840,NQR 500 TURBO,2001
ISUZU,ISUZU MEDIUM TRUCKS,28025840,NQR 500 TURBO,2002
ISUZU,ISUZU MEDIUM TRUCKS,28025840,NQR 500 TURBO,2003
ISUZU,ISUZU MEDIUM TRUCKS,28025840,NQR 500 TURBO,2004
ISUZU,ISUZU MEDIUM TRUCKS,28025840,NQR 500 TURBO,2005
ISUZU,ISUZU MEDIUM TRUCKS,28025841,NQR 500,2006
ISUZU,ISUZU MEDIUM TRUCKS,28025841,NQR 500,2007
ISUZU,ISUZU MEDIUM TRUCKS,28025841,NQR 500,2008
ISUZU,ISUZU MEDIUM TRUCKS,28025870,N 4000 (FT),1997
ISUZU,ISUZU MEDIUM TRUCKS,28025870,N 4000 (FT),1998
ISUZU,ISUZU TLD,28028250,TLD 24,1980
ISUZU,ISUZU TLD,28028250,TLD 24,1981
ISUZU,ISUZU TLD,28028250,TLD 24,1982
ISUZU,ISUZU TLD,28028250,TLD 24,1983
ISUZU,ISUZU TLD,28028250,TLD 24,2007
ISUZU,ISUZU TLD,28028500,TLD 44,1980
ISUZU,ISUZU TLD,28028500,TLD 44,1981
ISUZU,ISUZU TLD,28028500,TLD 44,1982
ISUZU,ISUZU TLD,28028500,TLD 44,1983
ISUZU,ISUZU TLD,28028500,TLD 44,2007
ISUZU,ISUZU TLD,28028750,TLD 54,1980
ISUZU,ISUZU TLD,28028750,TLD 54,1981
ISUZU,ISUZU TLD,28028750,TLD 54,1982
ISUZU,ISUZU TLD,28028750,TLD 54,1983
ISUZU,ISUZU TLD,28028750,TLD 54,1984
ISUZU,ISUZU TLD,28028875,TLD 54 A,1983
ISUZU,ISUZU TLD,28028875,TLD 54 A,1984
ISUZU,ISUZU TLD,28028875,TLD 54 A,1985
ISUZU,ISUZU TLD,28028875,TLD 54 A,1986
ISUZU,ISUZU TXD,28035333,TXD 45,1980
ISUZU,ISUZU TXD,28035333,TXD 45,1981
ISUZU,ISUZU TXD,28035333,TXD 45,1982
ISUZU,ISUZU TXD,28035667,TXD 53/55,1980
ISUZU,ISUZU TXD,28035667,TXD 53/55,1981
ISUZU,ISUZU TXD,28035667,TXD 53/55,1982
ISUZU,ISUZU TXD,28035667,TXD 53/55,1983
ISUZU,ISUZU TXD,28035667,TXD 53/55,2007
ISUZU,ISUZU TXD,28035833,TXD 55 A,1983
ISUZU,ISUZU TXD,28035833,TXD 55 A,1984
ISUZU,ISUZU TXD,28035833,TXD 55 A,1985
ISUZU,ISUZU TXD,28035833,TXD 55 A,1986
ISUZU,ISUZU SBR,28042200,SBR 422,1980
ISUZU,ISUZU SBR,28042200,SBR 422,1981
ISUZU,ISUZU SBR,28042200,SBR 422,1982
ISUZU,ISUZU SBR,28042200,SBR 422,1983
ISUZU,ISUZU SBR,28042200,SBR 422,2007
ISUZU,ISUZU SBR,28042400,SBR 422 A,1982
ISUZU,ISUZU SBR,28042400,SBR 422 A,1983
ISUZU,ISUZU SBR,28042400,SBR 422 A,1984
ISUZU,ISUZU SBR,28042400,SBR 422 A,1985
ISUZU,ISUZU SBR,28042400,SBR 422 A,1986
ISUZU,ISUZU SBR,28042600,SBR 422 B,1981
ISUZU,ISUZU SBR,28042600,SBR 422 B,1982
ISUZU,ISUZU SBR,28042600,SBR 422 B,1983
ISUZU,ISUZU SBR,28042600,SBR 422 B,2007
ISUZU,ISUZU SBR,28042800,SBR 422 BA,1982
ISUZU,ISUZU SBR,28042800,SBR 422 BA,1983
ISUZU,ISUZU SBR,28042800,SBR 422 BA,1984
ISUZU,ISUZU SBR,28042800,SBR 422 BA,1985
ISUZU,ISUZU SBR,28042800,SBR 422 BA,1986
ISUZU,ISUZU FSR,28045300,FSR 49 H,1987
ISUZU,ISUZU FSR,28045300,FSR 49 H,1988
ISUZU,ISUZU FSR,28045400,FSR 49 HX,1986
ISUZU,ISUZU FSR,28045400,FSR 49 HX,1987
ISUZU,ISUZU FSR,28045400,FSR 49 HX,1988
ISUZU,ISUZU FSR,28045600,FTR 49 L,1986
ISUZU,ISUZU FSR,28045600,FTR 49 L,1987
ISUZU,ISUZU FSR,28045600,FTR 49 L,1988
ISUZU,ISUZU NHR 150/ NKR 250,28046100,NHR 150 C/C,2006
ISUZU,ISUZU NHR 150/ NKR 250,28046100,NHR 150 C/C,2007
ISUZU,ISUZU NHR 150/ NKR 250,28046100,NHR 150 C/C,2008
ISUZU,ISUZU NHR 150/ NKR 250,28046110,NHR 150 D/S,2006
ISUZU,ISUZU NHR 150/ NKR 250,28046110,NHR 150 D/S,2007
ISUZU,ISUZU NHR 150/ NKR 250,28046110,NHR 150 D/S,2008
ISUZU,ISUZU NHR 150/ NKR 250,28046120,NHR 150 F/C,2006
ISUZU,ISUZU NHR 150/ NKR 250,28046120,NHR 150 F/C,2007
ISUZU,ISUZU NHR 150/ NKR 250,28046120,NHR 150 F/C,2008
ISUZU,ISUZU NHR 150/ NKR 250,28046250,NKR 250 C/C,2006
ISUZU,ISUZU NHR 150/ NKR 250,28046250,NKR 250 C/C,2007
ISUZU,ISUZU NHR 150/ NKR 250,28046250,NKR 250 C/C,2008
ISUZU,ISUZU 5000-9000,28047125,F 5000 (FN),1988
ISUZU,ISUZU 5000-9000,28047125,F 5000 (FN),1989
ISUZU,ISUZU 5000-9000,28047125,F 5000 (FN),1990
ISUZU,ISUZU 5000-9000,28047187,NEW F 5000,1990
ISUZU,ISUZU 5000-9000,28047187,NEW F 5000,1991
ISUZU,ISUZU 5000-9000,28047187,NEW F 5000,1992
ISUZU,ISUZU 5000-9000,28047187,NEW F 5000,1993
ISUZU,ISUZU 5000-9000,28047187,NEW F 5000,1994
ISUZU,ISUZU 5000-9000,28047187,NEW F 5000,1995
ISUZU,ISUZU 5000-9000,28047187,NEW F 5000,1996
ISUZU,ISUZU 5000-9000,28047187,NEW F 5000,1997
ISUZU,ISUZU 5000-9000,28047190,FRR 500,1997
ISUZU,ISUZU 5000-9000,28047190,FRR 500,1998
ISUZU,ISUZU 5000-9000,28047190,FRR 500,1999
ISUZU,ISUZU 5000-9000,28047190,FRR 500,2000
ISUZU,ISUZU 5000-9000,28047190,FRR 500,2001
ISUZU,ISUZU 5000-9000,28047190,FRR 500,2002
ISUZU,ISUZU 5000-9000,28047190,FRR 500,2003
ISUZU,ISUZU 5000-9000,28047190,FRR 500,2004
ISUZU,ISUZU 5000-9000,28047190,FRR 500,2005
ISUZU,ISUZU 5000-9000,28047190,FRR 500,2006
ISUZU,ISUZU 5000-9000,28047190,FRR 500,2007
ISUZU,ISUZU 5000-9000,28047190,FRR 500,2008
ISUZU,ISUZU 5000-9000,28047250,F 6500 (FN),1988
ISUZU,ISUZU 5000-9000,28047250,F 6500 (FN),1989
ISUZU,ISUZU 5000-9000,28047250,F 6500 (FN),1990
ISUZU,ISUZU 5000-9000,28047312,F 6500,1990
ISUZU,ISUZU 5000-9000,28047312,F 6500,1991
ISUZU,ISUZU 5000-9000,28047312,F 6500,1992
ISUZU,ISUZU 5000-9000,28047312,F 6500,1993
ISUZU,ISUZU 5000-9000,28047312,F 6500,1994
ISUZU,ISUZU 5000-9000,28047312,F 6500,1995
ISUZU,ISUZU 5000-9000,28047312,F 6500,1996
ISUZU,ISUZU 5000-9000,28047312,F 6500,1997
ISUZU,ISUZU 5000-9000,28047375,F 8000 (TN),1988
ISUZU,ISUZU 5000-9000,28047375,F 8000 (TN),1989
ISUZU,ISUZU 5000-9000,28047375,F 8000 (TN),1990
ISUZU,ISUZU 5000-9000,28047437,F 8000,1990
ISUZU,ISUZU 5000-9000,28047437,F 8000,1991
ISUZU,ISUZU 5000-9000,28047437,F 8000,1992
ISUZU,ISUZU 5000-9000,28047437,F 8000,1993
ISUZU,ISUZU 5000-9000,28047437,F 8000,1994
ISUZU,ISUZU 5000-9000,28047437,F 8000,1995
ISUZU,ISUZU 5000-9000,28047437,F 8000,1996
ISUZU,ISUZU 5000-9000,28047437,F 8000,1997
ISUZU,ISUZU 5000-9000,28047444,FSR 700,1997
ISUZU,ISUZU 5000-9000,28047444,FSR 700,1998
ISUZU,ISUZU 5000-9000,28047444,FSR 700,1999
ISUZU,ISUZU 5000-9000,28047444,FSR 700,2000
ISUZU,ISUZU 5000-9000,28047444,FSR 700,2001
ISUZU,ISUZU 5000-9000,28047444,FSR 700,2002
ISUZU,ISUZU 5000-9000,28047444,FSR 700,2003
ISUZU,ISUZU 5000-9000,28047444,FSR 700,2004
ISUZU,ISUZU 5000-9000,28047444,FSR 700,2005
ISUZU,ISUZU 5000-9000,28047444,FSR 700,2006
ISUZU,ISUZU 5000-9000,28047444,FSR 700,2007
ISUZU,ISUZU 5000-9000,28047444,FSR 700,2008
ISUZU,ISUZU 5000-9000,28047500,F 8000 (FN),1988
ISUZU,ISUZU 5000-9000,28047500,F 8000 (FN),1989
ISUZU,ISUZU 5000-9000,28047500,F 8000 (FN),1990
ISUZU,ISUZU 5000-9000,28047562,F 8000,1990
ISUZU,ISUZU 5000-9000,28047562,F 8000,1991
ISUZU,ISUZU 5000-9000,28047562,F 8000,1992
ISUZU,ISUZU 5000-9000,28047562,F 8000,1993
ISUZU,ISUZU 5000-9000,28047562,F 8000,1994
ISUZU,ISUZU 5000-9000,28047562,F 8000,1995
ISUZU,ISUZU 5000-9000,28047562,F 8000,1996
ISUZU,ISUZU 5000-9000,28047562,F 8000,1997
ISUZU,ISUZU 5000-9000,28047580,FTR 800,1997
ISUZU,ISUZU 5000-9000,28047580,FTR 800,1998
ISUZU,ISUZU 5000-9000,28047580,FTR 800,1999
ISUZU,ISUZU 5000-9000,28047580,FTR 800,2000
ISUZU,ISUZU 5000-9000,28047580,FTR 800,2001
ISUZU,ISUZU 5000-9000,28047580,FTR 800,2002
ISUZU,ISUZU 5000-9000,28047580,FTR 800,2003
ISUZU,ISUZU 5000-9000,28047580,FTR 800,2004
ISUZU,ISUZU 5000-9000,28047580,FTR 800,2005
ISUZU,ISUZU 5000-9000,28047580,FTR 800,2006
ISUZU,ISUZU 5000-9000,28047580,FTR 800,2007
ISUZU,ISUZU 5000-9000,28047580,FTR 800,2008
ISUZU,ISUZU 5000-9000,28047625,F 8000 (FT),1988
ISUZU,ISUZU 5000-9000,28047625,F 8000 (FT),1989
ISUZU,ISUZU 5000-9000,28047625,F 8000 (FT),1990
ISUZU,ISUZU 5000-9000,28047687,F 8000,1990
ISUZU,ISUZU 5000-9000,28047687,F 8000,1991
ISUZU,ISUZU 5000-9000,28047687,F 8000,1992
ISUZU,ISUZU 5000-9000,28047687,F 8000,1993
ISUZU,ISUZU 5000-9000,28047687,F 8000,1994
ISUZU,ISUZU 5000-9000,28047687,F 8000,1995
ISUZU,ISUZU 5000-9000,28047687,F 8000,1996
ISUZU,ISUZU 5000-9000,28047687,F 8000,1997
ISUZU,ISUZU 5000-9000,28047700,FTR 800 TURBO,1997
ISUZU,ISUZU 5000-9000,28047700,FTR 800 TURBO,1998
ISUZU,ISUZU 5000-9000,28047700,FTR 800 TURBO,1999
ISUZU,ISUZU 5000-9000,28047700,FTR 800 TURBO,2000
ISUZU,ISUZU 5000-9000,28047700,FTR 800 TURBO,2001
ISUZU,ISUZU 5000-9000,28047700,FTR 800 TURBO,2002
ISUZU,ISUZU 5000-9000,28047700,FTR 800 TURBO,2003
ISUZU,ISUZU 5000-9000,28047700,FTR 800 TURBO,2004
ISUZU,ISUZU 5000-9000,28047700,FTR 800 TURBO,2005
ISUZU,ISUZU 5000-9000,28047700,FTR 800 TURBO,2006
ISUZU,ISUZU 5000-9000,28047700,FTR 800 TURBO,2007
ISUZU,ISUZU 5000-9000,28047700,FTR 800 TURBO,2008
ISUZU,ISUZU 5000-9000,28047715,FTR 800 TIP,2002
ISUZU,ISUZU 5000-9000,28047715,FTR 800 TIP,2003
ISUZU,ISUZU 5000-9000,28047715,FTR 800 TIP,2004
ISUZU,ISUZU 5000-9000,28047715,FTR 800 TIP,2005
ISUZU,ISUZU 5000-9000,28047715,FTR 800 TIP,2006
ISUZU,ISUZU 5000-9000,28047715,FTR 800 TIP,2007
ISUZU,ISUZU 5000-9000,28047715,FTR 800 TIP,2008
ISUZU,ISUZU 5000-9000,28047750,F 9000 (TT),1988
ISUZU,ISUZU 5000-9000,28047750,F 9000 (TT),1989
ISUZU,ISUZU 5000-9000,28047750,F 9000 (TT),1990
ISUZU,ISUZU 5000-9000,28047812,F 9000,1990
ISUZU,ISUZU 5000-9000,28047812,F 9000,1991
ISUZU,ISUZU 5000-9000,28047812,F 9000,1992
ISUZU,ISUZU 5000-9000,28047812,F 9000,1993
ISUZU,ISUZU 5000-9000,28047812,F 9000,1994
ISUZU,ISUZU 5000-9000,28047812,F 9000,1995
ISUZU,ISUZU 5000-9000,28047812,F 9000,1996
ISUZU,ISUZU 5000-9000,28047812,F 9000,1997
ISUZU,ISUZU 5000-9000,28047820,FVR 900 TURBO,1997
ISUZU,ISUZU 5000-9000,28047820,FVR 900 TURBO,1998
ISUZU,ISUZU 5000-9000,28047820,FVR 900 TURBO,1999
ISUZU,ISUZU 5000-9000,28047820,FVR 900 TURBO,2000
ISUZU,ISUZU 5000-9000,28047820,FVR 900 TURBO,2001
ISUZU,ISUZU 5000-9000,28047820,FVR 900 TURBO,2002
ISUZU,ISUZU 5000-9000,28047820,FVR 900 TURBO,2003
ISUZU,ISUZU 5000-9000,28047820,FVR 900 TURBO,2004
ISUZU,ISUZU 5000-9000,28047820,FVR 900 TURBO,2005
ISUZU,ISUZU 5000-9000,28047820,FVR 900 TURBO,2006
ISUZU,ISUZU 5000-9000,28047820,FVR 900 TURBO,2007
ISUZU,ISUZU 5000-9000,28047820,FVR 900 TURBO,2008
ISUZU,ISUZU 5000-9000,28047840,GVR 2300 TURBO,2002
ISUZU,ISUZU 5000-9000,28047840,GVR 2300 TURBO,2003
ISUZU,ISUZU 5000-9000,28047840,GVR 2300 TURBO,2004
ISUZU,ISUZU 5000-9000,28047840,GVR 2300 TURBO,2005
ISUZU,ISUZU 5000-9000,28047840,GVR 2300 TURBO,2006
ISUZU,ISUZU 5000-9000,28047840,GVR 2300 TURBO,2007
ISUZU,ISUZU 5000-9000,28047840,GVR 2300 TURBO,2008
ISUZU,ISUZU 5000-9000,28047875,F 9000 FT,1988
ISUZU,ISUZU 5000-9000,28047875,F 9000 FT,1989
ISUZU,ISUZU 5000-9000,28047875,F 9000 FT,1990
ISUZU,ISUZU 5000-9000,28047935,F 9000,1990
ISUZU,ISUZU 5000-9000,28047935,F 9000,1991
ISUZU,ISUZU 5000-9000,28047935,F 9000,1992
ISUZU,ISUZU 5000-9000,28047935,F 9000,1993
ISUZU,ISUZU 5000-9000,28047935,F 9000,1994
ISUZU,ISUZU 5000-9000,28047935,F 9000,1995
ISUZU,ISUZU 5000-9000,28047935,F 9000,1996
ISUZU,ISUZU 5000-9000,28047935,F 9000,1997
ISUZU,ISUZU 5000-9000,28047936,F 9500,1996
ISUZU,ISUZU 5000-9000,28047936,F 9500,1997
ISUZU,ISUZU 5000-9000,28047940,FVR 2200 TURBO,1997
ISUZU,ISUZU 5000-9000,28047940,FVR 2200 TURBO,1998
ISUZU,ISUZU 5000-9000,28047940,FVR 2200 TURBO,1999
ISUZU,ISUZU 5000-9000,28047960,FTM 1200 TURBO,2002
ISUZU,ISUZU 5000-9000,28047960,FTM 1200 TURBO,2003
ISUZU,ISUZU 5000-9000,28047960,FTM 1200 TURBO,2004
ISUZU,ISUZU 5000-9000,28047960,FTM 1200 TURBO,2005
ISUZU,ISUZU 5000-9000,28047960,FTM 1200 TURBO,2006
ISUZU,ISUZU 5000-9000,28047960,FTM 1200 TURBO,2007
ISUZU,ISUZU 5000-9000,28047960,FTM 1200 TURBO,2008
ISUZU,ISUZU 5000-9000,28047980,FVZ 1400 TURBO,1998
ISUZU,ISUZU 5000-9000,28047980,FVZ 1400 TURBO,1999
ISUZU,ISUZU 5000-9000,28047980,FVZ 1400 TURBO,2000
ISUZU,ISUZU 5000-9000,28047980,FVZ 1400 TURBO,2001
ISUZU,ISUZU 5000-9000,28047980,FVZ 1400 TURBO,2002
ISUZU,ISUZU 5000-9000,28047980,FVZ 1400 TURBO,2003
ISUZU,ISUZU 5000-9000,28047980,FVZ 1400 TURBO,2004
ISUZU,ISUZU 5000-9000,28047980,FVZ 1400 TURBO,2005
ISUZU,ISUZU 5000-9000,28047980,FVZ 1400 TURBO,2006
ISUZU,ISUZU 5000-9000,28047980,FVZ 1400 TURBO,2007
ISUZU,ISUZU 5000-9000,28047980,FVZ 1400 TURBO,2008
ISUZU,ISUZU 5000-9000,28047990,FVZ 1600 T,2006
ISUZU,ISUZU 5000-9000,28047990,FVZ 1600 T,2007
ISUZU,ISUZU 5000-9000,28047990,FVZ 1600 T,2008
ISUZU,ISUZU JCR,28049167,JCR 360,1981
ISUZU,ISUZU JCR,28049167,JCR 360,1982
ISUZU,ISUZU JCR,28049167,JCR 360,1983
ISUZU,ISUZU JCR,28049167,JCR 360,2007
ISUZU,ISUZU JCR,28049333,JCR 360 TA,1982
ISUZU,ISUZU JCR,28049333,JCR 360 TA,1983
ISUZU,ISUZU JCR,28049333,JCR 360 TA,1984
ISUZU,ISUZU JCR,28049500,JCR 360 TA,1982
ISUZU,ISUZU JCR,28049500,JCR 360 TA,1983
ISUZU,ISUZU JCR,28049500,JCR 360 TA,1984
ISUZU,ISUZU JCR,28049500,JCR 360 TA,1985
ISUZU,ISUZU JCR,28049500,JCR 360 TA,1986
ISUZU,ISUZU JCR,28049667,JCR 500,1980
ISUZU,ISUZU JCR,28049667,JCR 500,1981
ISUZU,ISUZU JCR,28049667,JCR 500,1982
ISUZU,ISUZU JCR,28049667,JCR 500,1983
ISUZU,ISUZU JCR,28049667,JCR 500,2007
ISUZU,ISUZU JCR,28049833,JCR 500 TA,1982
ISUZU,ISUZU JCR,28049833,JCR 500 TA,1983
ISUZU,ISUZU JCR,28049833,JCR 500 TA,1984
ISUZU,ISUZU JCR,28049833,JCR 500 TA,1985
ISUZU,ISUZU JCR,28049833,JCR 500 TA,1986
ISUZU,ISUZU JCR,28049833,JCR 500 TA,1987
ISUZU,ISUZU FRONTIER AND RELAY,28050100,FRONTIER 280DT 4x2 LE,1998
ISUZU,ISUZU FRONTIER AND RELAY,28050160,FRONTIER 280DT 4x2 LX,1998
ISUZU,ISUZU FRONTIER AND RELAY,28050160,FRONTIER 280DT 4x2 LX,1999
ISUZU,ISUZU FRONTIER AND RELAY,28050160,FRONTIER 280DT 4x2 LX,2000
ISUZU,ISUZU FRONTIER AND RELAY,28050160,FRONTIER 280DT 4x2 LX,2001
ISUZU,ISUZU FRONTIER AND RELAY,28050160,FRONTIER 280DT 4x2 LX,2002
ISUZU,ISUZU FRONTIER AND RELAY,28050160,FRONTIER 280DT 4x2 LX,2003
ISUZU,ISUZU FRONTIER AND RELAY,28050200,FRONTIER 280DT 4x4 LX,1998
ISUZU,ISUZU FRONTIER AND RELAY,28050200,FRONTIER 280DT 4x4 LX,1999
ISUZU,ISUZU FRONTIER AND RELAY,28050200,FRONTIER 280DT 4x4 LX,2000
ISUZU,ISUZU FRONTIER AND RELAY,28050200,FRONTIER 280DT 4x4 LX,2001
ISUZU,ISUZU FRONTIER AND RELAY,28050200,FRONTIER 280DT 4x4 LX,2002
ISUZU,ISUZU FRONTIER AND RELAY,28050200,FRONTIER 280DT 4x4 LX,2003
ISUZU,ISUZU FRONTIER AND RELAY,28050250,FRONTIER 320 4x2 LX,1998
ISUZU,ISUZU FRONTIER AND RELAY,28050250,FRONTIER 320 4x2 LX,1999
ISUZU,ISUZU FRONTIER AND RELAY,28050250,FRONTIER 320 4x2 LX,2000
ISUZU,ISUZU FRONTIER AND RELAY,28050250,FRONTIER 320 4x2 LX,2001
ISUZU,ISUZU FRONTIER AND RELAY,28050250,FRONTIER 320 4x2 LX,2002
ISUZU,ISUZU FRONTIER AND RELAY,28050250,FRONTIER 320 4x2 LX,2003
ISUZU,ISUZU FRONTIER AND RELAY,28050280,FRONTIER 320 4x4 LX,1998
ISUZU,ISUZU FRONTIER AND RELAY,28050280,FRONTIER 320 4x4 LX,1999
ISUZU,ISUZU FRONTIER AND RELAY,28050280,FRONTIER 320 4x4 LX,2000
ISUZU,ISUZU FRONTIER AND RELAY,28050333,RELAY BUS,1986
ISUZU,ISUZU FRONTIER AND RELAY,28050333,RELAY BUS,1987
ISUZU,ISUZU FRONTIER AND RELAY,28050333,RELAY BUS,1988
ISUZU,ISUZU FRONTIER AND RELAY,28050333,RELAY BUS,1989
ISUZU,ISUZU FRONTIER AND RELAY,28050333,RELAY BUS,1990
ISUZU,ISUZU FRONTIER AND RELAY,28050333,RELAY BUS,1991
ISUZU,ISUZU FRONTIER AND RELAY,28050333,RELAY BUS,1992
ISUZU,ISUZU FRONTIER AND RELAY,28050333,RELAY BUS,1993
ISUZU,ISUZU FRONTIER AND RELAY,28050333,RELAY BUS,1994
ISUZU,ISUZU FRONTIER AND RELAY,28050333,RELAY BUS,1995
ISUZU,ISUZU FTR,28052200,FTR 49 FT,1986
ISUZU,ISUZU FTR,28052200,FTR 49 FT,1987
ISUZU,ISUZU FTR,28052200,FTR 49 FT,1988
ISUZU,ISUZU FTR,28052600,FTR 49 LT,1986
ISUZU,ISUZU FTR,28052600,FTR 49 LT,1987
ISUZU,ISUZU FTR,28052600,FTR 49 LT,1988
ISUZU,ISUZU SPZ,28056333,SPZ 451,1981
ISUZU,ISUZU SPZ,28056333,SPZ 451,1982
ISUZU,ISUZU SPZ,28056333,SPZ 451,1983
ISUZU,ISUZU SPZ,28056333,SPZ 451,2007
ISUZU,ISUZU VPZ,28063500,VPZ 441 S,1981
ISUZU,ISUZU VPZ,28063500,VPZ 441 S,1982
ISUZU,ISUZU VPZ,28063500,VPZ 441 S,1983
ISUZU,ISUZU VPZ,28063500,VPZ 441 S,2007
ISUZU,ISUZU TROOPER,28068300,TROOPER 3.2 S/W,1995
ISUZU,ISUZU TROOPER,28068300,TROOPER 3.2 S/W,1996
ISUZU,ISUZU TROOPER,28068300,TROOPER 3.2 S/W,1997
ISUZU,ISUZU TROOPER,28068300,TROOPER 3.2 S/W,1998
ISUZU,ISUZU TROOPER,28068300,TROOPER 3.2 S/W,1999
ISUZU,ISUZU TROOPER,28068300,TROOPER 3.2 S/W,2000
ISUZU,ISUZU TROOPER,28068300,TROOPER 3.2 S/W,2001
ISUZU,ISUZU TROOPER,28068300,TROOPER 3.2 S/W,2002
ISUZU,ISUZU TROOPER,28068300,TROOPER 3.2 S/W,2003
ISUZU,ISUZU EXZ,28073200,EXZ 49 JT,1986
ISUZU,ISUZU EXZ,28073200,EXZ 49 JT,1987
ISUZU,ISUZU EXZ,28073200,EXZ 49 JT,1988
ISUZU,ISUZU EXZ,28073400,CVR 49 N,1987
ISUZU,ISUZU EXZ,28073400,CVR 49 N,1988
ISUZU,ISUZU EXZ,28073600,CXZ 49 Q,1987
ISUZU,ISUZU EXZ,28073600,CXZ 49 Q,1988
ISUZU,ISUZU BIG TRUCKS AND TROOPER,28080200,EXR 49 ET,1984
ISUZU,ISUZU BIG TRUCKS AND TROOPER,28080200,EXR 49 ET,1985
ISUZU,ISUZU BIG TRUCKS AND TROOPER,28080200,EXR 49 ET,1986
ISUZU,ISUZU BIG TRUCKS AND TROOPER,28080200,EXR 49 ET,1987
ISUZU,ISUZU BIG TRUCKS AND TROOPER,28080200,EXR 49 ET,1988
ISUZU,ISUZU BIG TRUCKS AND TROOPER,28080600,CXZ 49 QT,1986
ISUZU,ISUZU BIG TRUCKS AND TROOPER,28080600,CXZ 49 QT,1987
ISUZU,ISUZU BIG TRUCKS AND TROOPER,28080600,CXZ 49 QT,1988
IVECO,IVECO DAILY,28515200,35S12V8,2007
IVECO,IVECO DAILY,28515200,35S12V8,2008
IVECO,IVECO DAILY,28515240,35S12V10,2007
IVECO,IVECO DAILY,28515240,35S12V10,2008
IVECO,IVECO DAILY,28515280,35S15V12,2007
IVECO,IVECO DAILY,28515280,35S15V12,2008
IVECO,IVECO DAILY,28515340,50C15,2007
IVECO,IVECO DAILY,28515340,50C15,2008
IVECO,IVECO DAILY,28515380,50C15V8,2007
IVECO,IVECO DAILY,28515380,50C15V8,2008
IVECO,IVECO DAILY,28515400,50C15V12,2007
IVECO,IVECO DAILY,28515400,50C15V12,2008
IVECO,IVECO DAILY,28515420,50C15V15,2007
IVECO,IVECO DAILY,28515420,50C15V15,2008
IVECO,IVECO DAILY,28515440,50C18V15,2007
IVECO,IVECO DAILY,28515440,50C18V15,2008
IVECO,IVECO DAILY,28515460,65C15,2007
IVECO,IVECO DAILY,28515460,65C15,2008
IVECO,IVECO DAILY,28515480,65C15D,2007
IVECO,IVECO DAILY,28515480,65C15D,2008
IVECO,IVECO DAILY,28515500,65C18,2007
IVECO,IVECO DAILY,28515500,65C18,2008
IVECO,IVECO DAILY,28515520,65C18D,2007
IVECO,IVECO DAILY,28515520,65C18D,2008
IVECO,IVECO TURBO DAILY,28520200,TURBODAILY 49.10,1995
